S_Name,Class,Direction,Time
S_73,motorcycle,route_3,80.8692183
S_97,motorcycle,route_3,92.28448329999999
S_144,motorcycle,route_3,122.9281647
S_168,motorcycle,route_5,139.79662950000002
S_203,motorcycle,route_3,168.5134706
S_244,motorcycle,route_3,264.2148842
S_252,motorcycle,route_5,267.1932708
S_281,car,route_3,272.7776972
S_282,motorcycle,route_3,273.35870259999996
S_288,motorcycle,route_3,276.12334949999996
S_292,motorcycle,route_3,277.28781549999997
S_294,motorcycle,route_3,277.50349239999997
S_296,motorcycle,route_3,277.6475797
S_373,motorcycle,route_4,380.91496839999996
S_382,car,route_5,383.0259008
S_384,car,route_5,384.26173
S_414,car,route_3,393.72629029999996
S_424,car,route_3,395.0398654
S_500,car,route_3,408.3011186
S_540,car,route_5,430.1996473
S_595,car,route_5,437.2165498
S_543,car,route_3,437.5792738
S_616,car,route_3,441.301519
S_617,car,route_3,441.44991219999997
S_619,car,route_3,441.743545
S_620,car,route_4,441.74356159999996
S_622,car,route_3,442.0345331
S_659,motorcycle,route_3,460.1065395
S_666,car,route_5,480.0029942
S_670,car,route_5,480.6570336
S_704,bus,route_3,509.7621054
S_718,car,route_3,514.6442458
S_723,car,route_3,515.3729808
S_739,car,route_3,556.5936388
S_740,car,route_3,556.7379450000001
S_741,car,route_3,556.9611817
S_847,motorcycle,route_5,638.6334788
S_856,motorcycle,route_5,664.0957430000001
S_874,motorcycle,route_5,690.4978768000001
S_898,motorcycle,route_3,696.1553425000001
S_904,motorcycle,route_4,697.030061
S_952,car,route_3,713.6694784
S_959,motorcycle,route_5,714.6139656
S_967,motorcycle,route_5,714.9017538
S_1002,car,route_3,727.5543905000001
S_1016,car,route_3,731.2641482
S_997,car,route_5,732.0701344
S_1044,car,route_3,733.6737083
S_1067,car,route_3,741.8676169
S_1072,bus,route_3,751.3550365
S_1139,car,route_3,860.4710226000001
S_1148,car,route_4,861.5637671000001
S_1152,car,route_4,861.9316815000001
S_1201,car,route_3,881.4223926000001
S_1234,car,route_3,928.8648623
S_1236,car,route_3,929.3068169000001
S_1257,car,route_3,934.7631334
S_1310,car,route_5,962.9137115000001
S_1311,car,route_3,967.0613209
S_1354,car,route_3,1008.6801393000001
S_1356,car,route_3,1009.1142073000001
S_1366,car,route_3,1011.9656877
S_1372,car,route_3,1013.7851244000001
S_1373,car,route_3,1013.9363052
S_1374,car,route_3,1014.2272511
S_1375,motorcycle,route_5,1014.3036253
S_1437,car,route_3,1030.6113552
S_1477,car,route_3,1060.7943983
S_1480,truck,route_3,1061.5254665
S_1481,truck,route_3,1061.8137325
S_1486,motorcycle,route_5,1074.6749697999999
S_1489,car,route_5,1076.8557337999998
S_1520,motorcycle,route_5,1117.3279684
S_1554,motorcycle,route_3,1171.4045010999998
S_1576,car,route_3,1208.2297148999999
S_1584,car,route_3,1232.8026266
S_1588,car,route_3,1235.4310057
S_1618,motorcycle,route_5,1276.7590754
S_1642,car,route_3,1328.4179225
S_1665,car,route_3,1341.8984111999998
S_1684,car,route_3,1345.8965005999999
S_1687,car,route_3,1346.6200264
S_1689,car,route_3,1347.202024
S_1695,car,route_3,1348.2265699
S_1702,car,route_3,1350.3360395999998
S_1761,car,route_3,1395.6579877
S_1773,car,route_3,1396.0209393
S_1786,car,route_3,1406.0150452
S_1808,car,route_3,1435.9608681
S_1821,car,route_3,1438.1442103
S_1860,car,route_3,1445.4389783
S_1862,car,route_3,1445.6559588
S_1864,car,route_3,1445.8762419
S_1875,car,route_3,1447.7027108999998
S_1879,car,route_3,1447.8484804999998
S_1912,car,route_3,1461.6356160999999
S_1914,car,route_3,1467.4730611999998
S_1938,car,route_3,1467.9140671
S_1960,car,route_3,1469.9554541
S_1840,car,route_3,1470.4670796999999
S_1968,car,route_3,1471.1206307
S_1972,car,route_5,1472.500582
S_1974,car,route_3,1475.347794
S_2040,car,route_3,1516.0762516999998
S_2042,car,route_3,1516.4402182
S_2050,car,route_5,1517.6724560999999
S_2056,car,route_5,1518.5462704
S_2073,car,route_3,1522.0319666
S_2074,car,route_3,1522.4669655
S_2092,car,route_3,1558.0912203
S_2093,car,route_3,1558.4585915999999
S_2094,car,route_3,1558.6741408
S_2132,motorcycle,route_5,1600.121975
S_2136,motorcycle,route_5,1600.4115679
S_2169,motorcycle,route_3,1731.8342891999998
S_2198,motorcycle,route_5,1765.4678476
S_2226,bus,route_3,1782.2171783
S_2239,motorcycle,route_5,1802.6012200999999
S_2260,car,route_3,1822.7685222999999
S_2264,car,route_3,1824.3014809
S_2265,motorcycle,route_3,1824.6617173
S_2283,car,route_3,1902.6983318
S_2293,car,route_3,1904.0191834
S_2296,car,route_3,1904.1633811
S_2303,car,route_5,1906.5721102
S_2308,car,route_5,1906.9332153
S_2312,car,route_5,1907.2220373999999
S_2314,car,route_4,1907.3684469999998
S_2333,motorcycle,route_5,1947.7848519
S_2335,motorcycle,route_5,1948.8752826999998
S_2360,motorcycle,route_5,1965.5104711
S_2396,car,route_3,1997.966594
S_2395,car,route_5,1999.0626409
S_2402,car,route_3,2000.2294906
S_2403,car,route_5,2001.0295188
S_2405,car,route_5,2001.4661856
S_2415,car,route_5,2004.902731
S_2417,car,route_5,2005.0492267
S_2419,car,route_5,2006.1477691
S_2420,car,route_5,2006.3653190999999
S_2421,car,route_5,2006.5817584
S_2439,car,route_5,2009.0661215999999
S_2444,car,route_3,2009.579471
S_2451,car,route_5,2011.7744824
S_2453,car,route_3,2011.9190712
S_2509,car,route_3,2043.109463
S_2573,motorcycle,route_3,2055.2522685999998
S_2574,car,route_3,2055.6179313
S_2592,motorcycle,route_5,2073.1858582
S_2611,motorcycle,route_5,2091.3708687999997
S_2622,motorcycle,route_5,2095.0030776999997
S_2641,motorcycle,route_3,2143.2734659
S_2714,motorcycle,route_5,2195.1616240999997
S_2716,motorcycle,route_5,2195.7430737
S_2723,motorcycle,route_3,2212.5473425
S_2726,car,route_4,2217.5369318
S_2738,motorcycle,route_3,2229.0553433
S_2739,car,route_5,2229.9308419999998
S_2746,car,route_5,2230.8045888
S_2755,motorcycle,route_3,2233.7197296
S_2794,car,route_5,2276.0236372
S_2797,car,route_5,2278.4920228
S_2856,car,route_3,2334.1260045999998
S_2879,motorcycle,route_5,2344.5650636
S_2907,car,route_5,2428.0404275
S_2977,car,route_3,2448.9644368
S_2981,bus,route_3,2450.20372
S_2976,car,route_5,2453.0473753
S_3003,car,route_3,2453.9238798
S_3041,car,route_5,2466.9778877999997
S_3090,car,route_5,2469.1668591
S_3097,truck,route_5,2469.6005416
S_3103,truck,route_5,2470.8449185
S_3195,car,route_3,2530.042738
S_3232,car,route_5,2559.1549299
S_3234,car,route_5,2559.8065306999997
S_3245,car,route_5,2578.3580238
S_3247,car,route_5,2578.6513566
S_3316,car,route_5,2617.5010638999997
S_3320,car,route_5,2619.6842511
S_3352,motorcycle,route_5,2654.8056791999998
S_3355,car,route_5,2655.3099764
S_3356,car,route_5,2655.4553895999998
S_3358,car,route_5,2655.8913439
S_3411,car,route_3,2682.9194841
S_3414,car,route_3,2683.1356051
S_3407,motorcycle,route_5,2683.7112051
S_3426,car,route_3,2686.0959336
S_3412,car,route_3,2695.3813794
S_3533,car,route_3,2697.6289567
S_3537,car,route_3,2698.1331503
S_3695,car,route_3,2771.4776355
S_3679,car,route_3,2775.5576442
S_3744,car,route_3,2777.0111303
S_3751,car,route_3,2778.2444717999997
S_3759,car,route_3,2778.7560303
S_3760,car,route_3,2778.8993714
S_3793,car,route_3,2826.6482751999997
S_3827,motorcycle,route_5,2899.7843334
S_3838,motorcycle,route_5,2938.8322128
S_3904,motorcycle,route_5,3113.9809649999997
S_3919,motorcycle,route_3,3131.3086205
S_3933,car,route_5,3154.464284
S_3941,car,route_3,3167.7227969
S_3942,car,route_5,3169.238045
S_3943,car,route_3,3171.480184
S_3944,car,route_3,3172.7081941
S_3945,car,route_3,3172.9999542
S_3946,car,route_3,3173.2150186
S_3958,car,route_3,3206.7053189
S_3960,car,route_4,3207.0629802999997
S_3972,motorcycle,route_5,3220.0066603
S_4008,car,route_4,3285.5676995
S_4011,motorcycle,route_5,3286.2854776
S_4012,motorcycle,route_5,3286.7215685
S_4046,car,route_5,3308.7190613
S_4058,car,route_5,3311.1178065
S_4059,car,route_5,3311.2621583
S_4060,car,route_5,3311.6946675
S_4051,car,route_3,3312.5672574
S_4073,car,route_5,3313.0752342
S_4097,car,route_4,3321.343116
S_4087,car,route_5,3322.583459
S_4133,car,route_3,3333.1809714
S_4134,car,route_3,3333.5453447
S_4157,car,route_3,3348.3353789
S_4198,car,route_5,3355.8847258
S_4202,car,route_5,3356.3195341
S_4204,car,route_5,3356.8983493
S_4213,car,route_3,3359.0686105
S_4221,car,route_3,3376.7336010999998
S_4222,car,route_3,3376.9498326
S_4470,car,route_3,3531.5349009
S_4473,car,route_3,3531.8950673
S_4475,car,route_3,3532.6207028999997
S_4513,car,route_3,3590.3374392
S_4518,car,route_3,3591.1341619
S_4524,car,route_5,3591.7878559
S_4628,motorcycle,route_5,3665.9876948
S_4666,motorcycle,route_5,3683.0646253
S_4708,truck,route_3,3700.2385134
S_4741,bus,route_5,3794.0703227999998
S_4745,truck,route_5,3795.2959957
S_4803,car,route_5,3864.2184975
S_4833,car,route_5,3868.7859621
S_4850,car,route_3,3872.4898508
S_4856,car,route_3,3872.9937839
S_4822,car,route_3,3877.3533546
S_4894,bus,route_3,3879.7578138
S_4898,car,route_3,3880.8502733
S_4941,car,route_3,3890.6673917
S_4942,car,route_3,3890.8170895
S_4917,car,route_5,3894.9599769
S_5000,motorcycle,route_5,3910.0516432
S_5036,motorcycle,route_3,3957.9048472
S_5042,car,route_3,3964.3602387
S_5064,car,route_3,3978.5331208
S_5065,car,route_3,3978.6763774
S_5110,car,route_3,3997.5965483
S_5112,car,route_3,3998.0621748
S_5115,car,route_3,3999.1607821
S_5196,motorcycle,route_5,4040.4337414
S_5232,car,route_3,4059.0182096
S_5234,car,route_3,4060.3986808
S_5237,car,route_3,4060.8335015
S_5241,car,route_3,4062.071923
S_5266,car,route_3,4070.5782417
S_5267,car,route_3,4071.092752
S_5268,car,route_3,4071.3107814
S_5269,car,route_3,4072.0383797
S_5270,car,route_3,4072.4001853
S_5312,car,route_3,4079.2698116
S_5323,car,route_3,4079.5576469
S_5326,car,route_5,4079.9884901
S_5329,car,route_5,4081.1427679
S_5335,car,route_3,4081.7233619
S_5336,car,route_5,4081.9410425
S_5396,truck,route_3,4110.1843663
S_5455,car,route_5,4121.6875629999995
S_5461,motorcycle,route_5,4125.7507735
S_5672,motorcycle,route_5,4232.0552838
S_5775,car,route_5,4301.3227283
S_5845,motorcycle,route_5,4369.7036379
S_5866,car,route_3,4396.6629268
S_5867,car,route_3,4396.8787624
S_5868,car,route_3,4397.0986378
S_5888,car,route_3,4410.3225153
S_5897,car,route_3,4411.9865141
S_5898,car,route_3,4412.1297825
S_5953,motorcycle,route_3,4434.3247879
S_6067,car,route_3,4457.3948703999995
S_6070,car,route_3,4457.9755030999995
S_6073,car,route_3,4458.1211313
S_6074,car,route_3,4458.2644693
S_6352,truck,route_3,4535.3546538
S_6364,car,route_5,4543.3290511
S_6369,car,route_5,4544.629717
S_6371,car,route_5,4544.9946534
S_6411,car,route_5,4555.0617168
S_6423,car,route_5,4557.537024
S_6424,car,route_3,4557.6081392999995
S_6477,motorcycle,route_5,4577.2680036
S_6478,motorcycle,route_5,4577.7766948
S_6482,motorcycle,route_5,4578.0692694
S_6508,car,route_3,4585.3189672
S_6552,car,route_5,4607.5457261
S_6626,car,route_5,4625.2887942
S_6628,car,route_5,4625.6496296
S_6661,car,route_5,4636.6255582
S_6666,car,route_5,4637.4979967
S_6669,car,route_5,4637.85891
S_6704,car,route_5,4644.2023997999995
S_6671,car,route_3,4646.0979423
S_6734,car,route_3,4650.2608941
S_6759,car,route_3,4650.9940244
S_6760,car,route_3,4650.9940411
S_6762,car,route_3,4651.359824
S_6765,car,route_3,4651.5783616
S_6769,car,route_3,4652.0928821
S_6721,car,route_5,4654.7064676
S_6786,car,route_5,4655.5842107
S_6852,car,route_3,4665.8860681999995
S_6866,car,route_3,4667.1969186
S_6885,car,route_3,4669.0144543
S_6883,car,route_3,4669.1580501
S_6887,car,route_3,4669.2299727
S_6888,car,route_3,4669.4472109
S_6911,car,route_5,4709.6871811
S_6971,motorcycle,route_5,4728.5878438
S_6977,motorcycle,route_3,4729.1678776
S_6990,car,route_3,4730.4756368
S_6993,car,route_3,4730.8368146
S_7010,motorcycle,route_3,4733.2268531
S_7009,motorcycle,route_5,4733.8786532
S_7092,car,route_3,4747.8030927
S_7128,car,route_3,4763.9542529
S_7130,car,route_3,4764.5343231
S_7183,motorcycle,route_5,4780.2870996
S_7187,motorcycle,route_5,4780.5769471
S_7211,car,route_3,4787.897719
S_7217,car,route_3,4788.5480484
S_7291,car,route_5,4798.9228184
S_7319,car,route_3,4802.1965003
S_7341,car,route_5,4806.1908758
S_7373,car,route_5,4807.5005304999995
S_7383,truck,route_3,4813.5742671
S_7404,car,route_5,4815.0907139
S_7415,car,route_5,4816.5443275
S_7425,car,route_5,4816.9809075
S_7497,car,route_5,4875.4043402
S_7495,car,route_5,4877.9510336
S_7558,motorcycle,route_5,4887.560452
S_7592,car,route_3,4894.2973114
S_7593,car,route_3,4894.4496384
S_7596,car,route_3,4894.5992273
S_7611,bus,route_3,4896.4217355
S_7775,motorcycle,route_5,4948.8407306
S_7791,car,route_5,4970.0082846
S_7863,car,route_5,4994.4878923
S_7913,car,route_3,5004.5584997
S_7944,car,route_3,5015.8186755
S_7998,car,route_5,5028.398693
S_8018,car,route_5,5029.5599397999995
S_8041,car,route_5,5032.6194315
S_8035,car,route_5,5032.8367402
S_8047,car,route_5,5033.6385278
S_8190,car,route_3,5077.3128734
S_8222,car,route_3,5087.038849
S_8223,car,route_3,5087.1112121
S_8230,motorcycle,route_3,5087.9821442
S_8232,car,route_5,5088.1982632
S_8318,car,route_5,5122.13431
S_8332,car,route_5,5123.2931367
S_8423,motorcycle,route_5,5168.4523028
S_8437,motorcycle,route_5,5168.8129882
S_8473,car,route_3,5174.4837899
S_8651,car,route_3,5242.4836995
S_8654,car,route_3,5243.0622599
S_8686,car,route_3,5254.5247848
S_8800,car,route_5,5347.7917285
S_8840,motorcycle,route_3,5359.7387662
S_8861,car,route_5,5363.9482456
S_8862,motorcycle,route_5,5364.3095349
S_8863,motorcycle,route_3,5364.3816855
S_8900,motorcycle,route_5,5416.0747134
S_8945,motorcycle,route_3,5436.2787604
S_8978,motorcycle,route_5,5468.2895452
S_8980,car,route_3,5468.3606917
S_8981,motorcycle,route_3,5468.5045492
S_8982,motorcycle,route_3,5468.6479745
S_8983,motorcycle,route_5,5468.7196668999995
S_9022,car,route_3,5474.2311211999995
S_9074,car,route_3,5489.5670793
S_9076,car,route_3,5489.8584329
S_9082,car,route_3,5492.9697376
S_9125,motorcycle,route_4,5532.1092111
S_9142,motorcycle,route_5,5535.4360663
S_9143,motorcycle,route_5,5535.6563349
S_9155,motorcycle,route_5,5537.026047
S_9194,truck,route_3,5541.8007576
S_9208,car,route_5,5543.1859251
S_9257,car,route_3,5574.123926
S_9296,car,route_3,5587.6320857
S_9291,truck,route_5,5590.3279602
S_9301,truck,route_5,5591.4927822
S_9303,truck,route_5,5591.6372531
S_9372,car,route_5,5637.0864884
S_9374,car,route_5,5637.235374
S_9375,car,route_3,5637.4513911
S_9377,motorcycle,route_5,5637.8170904
S_9425,motorcycle,route_5,5653.2316648
S_9426,motorcycle,route_5,5653.4520683
S_9445,motorcycle,route_3,5660.1150441
S_9475,motorcycle,route_5,5673.6488529
S_9492,car,route_3,5678.2128998
S_9525,motorcycle,route_5,5704.5106619
S_9527,motorcycle,route_5,5709.6328622
S_9529,motorcycle,route_5,5710.1433482
S_9539,car,route_3,5721.9971887
S_9550,car,route_3,5736.8318184
S_9552,car,route_3,5737.5547875
S_9598,motorcycle,route_5,5759.7324828
S_9603,car,route_5,5760.3834116
S_9606,car,route_5,5760.7442359
S_9625,motorcycle,route_5,5766.1834227
S_9654,motorcycle,route_5,5771.1881170999995
S_9656,motorcycle,route_5,5771.4806141
S_9657,motorcycle,route_5,5771.6972662
S_9675,car,route_3,5773.9530364
S_9690,car,route_3,5781.8663928999995
S_9739,car,route_3,5788.3266696
S_9742,car,route_3,5788.7611045
S_9753,car,route_3,5791.2350069
S_9705,car,route_3,5791.3072937
S_9756,car,route_3,5791.7444782
S_9803,car,route_3,5796.7732067
S_9823,car,route_3,5798.3090949
S_9829,car,route_3,5798.9678633
S_9833,car,route_3,5799.1132744999995
S_9836,car,route_3,5799.5610951
S_9837,car,route_3,5799.7103913
S_9838,car,route_3,5800.295776
S_9844,car,route_3,5801.2227791
S_9848,car,route_3,5801.5342542
S_9850,car,route_3,5801.8574497
S_9860,car,route_3,5804.8129843
S_9900,car,route_3,5813.4850257
S_9946,car,route_3,5820.8680397
S_9959,car,route_3,5823.9314369
S_10008,car,route_3,5827.4312125999995
S_10016,car,route_3,5828.0125831
S_10039,car,route_5,5830.4204518
S_10041,car,route_5,5830.7135171
S_10067,car,route_5,5835.3852747
S_10038,car,route_3,5835.5293189
S_10124,car,route_3,5850.9510119
S_10139,truck,route_3,5851.9624931
S_10141,bus,route_3,5852.2503643
S_10191,car,route_3,5876.6580342
S_10195,car,route_3,5877.0914287
S_10214,motorcycle,route_3,5883.2511377
S_10215,car,route_3,5883.4718895
S_10221,car,route_5,5886.0038489
S_10217,car,route_5,5888.0485102
S_10311,car,route_3,5900.6546169
S_10342,car,route_3,5904.0903341
S_10345,car,route_3,5904.5968192
S_10375,motorcycle,route_5,5908.4975922
S_10380,car,route_3,5909.023426
S_10383,car,route_3,5909.1776919
S_10386,car,route_3,5909.4711152
S_10400,motorcycle,route_5,5910.7277342
S_10432,car,route_3,5916.7753728
S_10450,car,route_3,5920.9992584
S_10456,car,route_3,5925.5933485
S_10477,car,route_3,5927.299541
S_10479,car,route_3,5927.452583
S_10487,car,route_3,5929.4445158
S_10490,car,route_3,5929.7445673
S_10495,car,route_3,5929.8966423
S_10531,car,route_3,5934.8063692
S_10539,car,route_3,5935.4635474
S_10546,car,route_3,5936.5957446
S_10554,car,route_3,5937.4986139
S_10561,car,route_5,5942.5919404999995
S_10577,car,route_3,5943.3943075
S_10680,car,route_3,5955.3985261
S_10756,car,route_5,5966.1280712
S_10763,car,route_3,5966.7901234
S_10779,car,route_5,5968.6161566
S_10781,car,route_3,5968.9803329999995
S_10782,car,route_3,5969.2742845
S_10784,car,route_3,5969.8629761
S_10805,car,route_5,5971.6874375
S_10810,car,route_3,5971.9841921
S_10780,car,route_3,5972.0565143
S_10820,car,route_3,5973.007245
S_10846,car,route_5,5975.8553303
S_10856,bus,route_5,5976.5837061
S_10850,car,route_3,5977.1659881
S_10942,car,route_5,5982.4016062
S_10878,car,route_5,5982.6180846
S_10947,car,route_5,5982.7667101
S_10949,car,route_3,5985.5233713
S_10999,motorcycle,route_5,5988.5052419
S_10958,car,route_3,6000.8522147
S_11085,motorcycle,route_5,6054.4488816
S_11086,motorcycle,route_5,6054.5927332
S_11145,car,route_3,6092.6924725
S_11147,car,route_3,6093.1272777
S_11152,car,route_3,6097.3350382
S_11153,car,route_3,6098.3492215999995
S_11154,car,route_3,6098.4934006
S_11155,car,route_3,6098.7818243
S_11169,car,route_3,6105.8063624
S_11171,car,route_3,6105.9554317
S_11172,car,route_3,6106.385938
S_11176,car,route_3,6107.3281675
S_11184,car,route_3,6109.074381
S_11257,motorcycle,route_5,6157.8810117
S_11255,motorcycle,route_5,6157.9574058
S_11279,motorcycle,route_3,6163.9507892
S_11322,motorcycle,route_5,6188.6287039
S_11324,motorcycle,route_5,6188.7732106
S_11326,motorcycle,route_5,6189.2043414
S_11323,motorcycle,route_5,6190.7892494
S_11333,motorcycle,route_5,6191.5131621
S_11365,motorcycle,route_3,6201.2859063999995
S_11406,motorcycle,route_3,6209.979509
S_11460,motorcycle,route_3,6225.1200198999995
S_11551,car,route_3,6256.2414977
S_11584,car,route_3,6258.2775931
S_11586,car,route_3,6258.9267448
S_11588,car,route_3,6259.1421935
S_11609,motorcycle,route_3,6263.9853555
S_11640,motorcycle,route_5,6293.5889475
S_11672,motorcycle,route_3,6300.1002
S_11689,car,route_5,6304.6639402
S_11699,motorcycle,route_5,6306.9860777
S_11821,motorcycle,route_5,6369.2286003
S_11852,car,route_5,6379.7881959999995
S_11857,motorcycle,route_3,6381.0834987
S_11863,car,route_5,6382.5255688
S_11864,car,route_5,6382.7406978
S_11867,car,route_3,6382.9550938
S_11869,car,route_3,6383.0986469
S_11922,car,route_3,6394.5493963
S_11945,motorcycle,route_5,6399.494571
S_11987,car,route_3,6412.8364695
S_12019,car,route_3,6413.1221626999995
S_12023,motorcycle,route_4,6413.1953447
S_12029,motorcycle,route_4,6414.2132169999995
S_12030,motorcycle,route_4,6414.3572406
S_12031,motorcycle,route_4,6414.643825
S_12058,motorcycle,route_3,6419.8556853
S_12175,car,route_3,6497.5451599
S_12180,car,route_3,6498.4805421
S_12181,car,route_3,6498.6239497999995
S_12218,car,route_5,6504.6375548
S_12259,motorcycle,route_3,6509.7033478
S_12311,motorcycle,route_5,6521.1261713
S_12364,car,route_3,6527.4889739
S_12411,motorcycle,route_5,6535.7111723
S_12423,motorcycle,route_5,6538.2492846
S_12426,motorcycle,route_5,6538.4677692
S_12506,car,route_3,6584.8638408
S_12620,car,route_3,6630.378237
S_12622,car,route_5,6630.4497875
S_12624,car,route_5,6630.594699
S_12632,car,route_5,6631.6850945999995
S_12637,car,route_5,6632.4123796
S_12674,car,route_5,6637.1343913
S_12697,car,route_5,6639.6693209
S_12775,motorcycle,route_3,6688.6340729
S_12822,motorcycle,route_3,6703.5899854
S_12838,motorcycle,route_3,6711.0340604
S_12864,car,route_5,6731.2320493
S_12891,motorcycle,route_5,6746.9643172999995
S_12914,motorcycle,route_3,6759.8610032999995
S_12950,car,route_5,6782.5303863
S_12985,motorcycle,route_3,6812.3975471
S_13009,motorcycle,route_3,6829.1644043999995
S_13020,car,route_5,6833.0730895
S_13028,car,route_5,6833.7260211
S_13030,car,route_5,6833.8703485999995
S_13031,car,route_5,6834.0135981
S_13073,motorcycle,route_3,6841.6306300999995
S_13075,motorcycle,route_3,6841.9237161
S_13142,car,route_3,6855.6290658
S_13197,car,route_3,6886.1630809
S_13233,motorcycle,route_3,6917.5051746
S_13271,motorcycle,route_3,6937.7646082
S_13272,motorcycle,route_5,6937.8360892
S_13274,motorcycle,route_5,6937.9803359
S_13304,motorcycle,route_5,6954.0701068
S_13306,motorcycle,route_5,6954.1417905
S_13316,motorcycle,route_5,6956.5383994
S_13317,motorcycle,route_5,6956.9052783
S_13331,motorcycle,route_3,6960.1507251
S_13336,motorcycle,route_3,6960.7341146
S_13371,motorcycle,route_3,6970.5464968
S_13425,car,route_5,6984.8278226
S_13498,car,route_3,6993.1778069
S_13520,car,route_3,7002.0253336
S_13619,motorcycle,route_5,7029.7477542
S_13621,motorcycle,route_5,7030.3304182
S_13625,car,route_3,7034.4034479
S_13748,motorcycle,route_5,7069.2143165
S_13756,motorcycle,route_5,7069.7216556
S_13758,motorcycle,route_5,7069.8663239
S_13759,motorcycle,route_5,7070.0110584
S_13777,motorcycle,route_3,7074.6608108
S_13822,motorcycle,route_5,7097.1771117
S_13858,motorcycle,route_5,7111.5918921
S_13864,motorcycle,route_5,7111.7372208
S_13882,car,route_3,7114.720736
S_13903,car,route_3,7117.4058301
S_13904,car,route_3,7117.6977539
S_13966,motorcycle,route_3,7127.4381565
S_14060,motorcycle,route_5,7139.1602811
S_14062,motorcycle,route_5,7139.3791877
S_14065,motorcycle,route_5,7139.9617236
S_14075,motorcycle,route_5,7141.6950893
S_14167,motorcycle,route_3,7157.1089968
S_14169,motorcycle,route_3,7157.3262248
S_14176,car,route_3,7158.2728408
S_14227,car,route_3,7168.7176689
S_14232,motorcycle,route_3,7169.370719
S_14231,motorcycle,route_3,7170.4646291
S_14352,motorcycle,route_4,7199.90502
S_14358,motorcycle,route_4,7200.6327303
S_14398,car,route_5,7212.0358614
S_14403,car,route_5,7212.4020814
S_14409,car,route_3,7219.6024852
S_14445,car,route_5,7223.8291907
S_14449,car,route_5,7225.2849675
S_14456,car,route_5,7226.6717281
S_14461,car,route_5,7227.4692738
S_14534,motorcycle,route_3,7251.1849799
S_14580,car,route_4,7262.2828443
S_14590,car,route_4,7262.7209625
S_14641,car,route_3,7268.2051849
S_14643,car,route_4,7268.4231506
S_14694,motorcycle,route_5,7273.178708
S_14700,motorcycle,route_5,7273.6144418
S_14793,motorcycle,route_5,7283.7750055
S_14799,motorcycle,route_5,7284.4322659
S_14803,motorcycle,route_5,7285.0159528
S_14840,car,route_5,7290.6327665
S_14844,car,route_5,7290.9944911
S_14868,motorcycle,route_5,7296.3114436
S_14905,motorcycle,route_5,7316.0632481
S_14956,car,route_3,7328.6201607
S_14960,car,route_5,7329.350042
S_14966,car,route_3,7330.6597282
S_14970,car,route_3,7330.8744672
S_15008,motorcycle,route_3,7335.380493
S_15010,motorcycle,route_3,7335.5987649
S_15036,motorcycle,route_5,7347.8126176
S_15056,car,route_5,7366.4637633
S_15091,car,route_5,7385.9314561
S_15152,car,route_5,7412.5057143
S_15153,car,route_5,7413.1631676
S_15158,car,route_5,7413.3817567999995
S_15160,car,route_5,7413.7447118
S_15168,motorcycle,route_3,7416.1346596
S_15232,car,route_3,7432.3539445999995
S_15282,motorcycle,route_5,7442.7164783
S_15278,car,route_5,7444.3146745
S_15311,car,route_4,7446.5577674999995
S_15330,car,route_3,7453.6590475
S_15337,motorcycle,route_3,7461.8415423
S_15341,motorcycle,route_3,7462.4285846
S_15374,car,route_3,7471.2684253
S_15375,car,route_3,7471.6323467
S_15381,car,route_3,7472.504897
S_15382,car,route_3,7472.6484665
S_15405,motorcycle,route_3,7476.3494648999995
S_15470,motorcycle,route_5,7482.0995699
S_15473,motorcycle,route_5,7482.5366582
S_15474,car,route_5,7482.6810841999995
S_15535,motorcycle,route_5,7511.0366145
S_15560,motorcycle,route_5,7517.8731848
S_15563,motorcycle,route_5,7518.0896713
S_15564,car,route_3,7520.8524469
S_15588,motorcycle,route_3,7522.2334513
S_15679,car,route_5,7538.1701684
S_15685,car,route_5,7539.1952709
S_15689,car,route_5,7539.6369914
S_15569,car,route_3,7541.6762874
S_15725,car,route_5,7543.1416647
S_15708,car,route_5,7548.7862619
S_15815,car,route_5,7554.1898659
S_16017,car,route_3,7580.3852454
S_16021,car,route_5,7581.1159125
S_16052,car,route_3,7585.7099859
S_16059,bus,route_3,7586.3650531
S_16114,motorcycle,route_3,7599.4184919
S_16109,car,route_5,7599.9940395
S_16113,car,route_5,7602.9675351999995
S_16163,car,route_3,7616.6672450999995
S_16155,truck,route_3,7619.8603705
S_16230,car,route_3,7632.2928784
S_16227,car,route_3,7632.7953506
S_16233,motorcycle,route_3,7633.5207742
S_16234,motorcycle,route_3,7633.8066134
S_16237,motorcycle,route_3,7634.2430346
S_16341,motorcycle,route_4,7723.7842711
S_16331,motorcycle,route_5,7725.0842864999995
S_16405,motorcycle,route_5,7737.1869184
S_16407,motorcycle,route_5,7737.3306053
S_16410,motorcycle,route_5,7737.9134392999995
S_16445,car,route_3,7747.2466673
S_16436,car,route_5,7747.4651566
S_16452,car,route_3,7747.6872816
S_16458,car,route_3,7748.4812796
S_16479,motorcycle,route_3,7750.6567951
S_16572,motorcycle,route_4,7801.9496037
S_16582,motorcycle,route_4,7802.2459517
S_16583,motorcycle,route_4,7802.3940297
S_16584,motorcycle,route_4,7802.5401372999995
S_16585,motorcycle,route_4,7802.7590537
S_16652,car,route_3,7821.772987
S_16697,car,route_3,7822.6591062
S_16712,car,route_3,7824.2247766
S_16753,car,route_3,7830.7359301
S_16787,car,route_3,7836.1245213
S_16788,motorcycle,route_5,7836.4295895
S_16789,car,route_3,7836.4296067
S_16790,car,route_3,7836.5057693
S_16860,motorcycle,route_5,7858.3108516
S_16862,motorcycle,route_5,7858.5448835
S_16863,motorcycle,route_5,7858.7063772
S_16864,motorcycle,route_5,7859.1719239
S_16958,car,route_4,7875.9947572
S_17093,car,route_5,7914.6094461
S_17179,motorcycle,route_5,7929.8435325
S_17197,motorcycle,route_5,7929.8435539
S_17256,car,route_3,7941.8104444
S_17270,motorcycle,route_4,7943.1857428
S_17333,car,route_3,7964.8832382
S_17361,motorcycle,route_3,7970.1210599
S_17459,car,route_3,7997.4922231
S_17469,motorcycle,route_5,8000.1805465
S_17474,motorcycle,route_5,8000.9110519
S_17530,car,route_3,8016.3126504
S_17550,car,route_5,8019.0732167
S_17577,car,route_3,8020.6035974999995
S_17584,car,route_3,8020.895608
S_17594,car,route_5,8021.9159085
S_17663,motorcycle,route_3,8037.3116727999995
S_17786,motorcycle,route_3,8094.273255
S_17821,car,route_5,8098.2713163
S_17832,motorcycle,route_3,8099.1437569
S_17841,motorcycle,route_3,8099.6575345
S_17877,car,route_5,8102.4282075
S_17915,car,route_5,8114.5107431
S_17997,car,route_3,8131.8360763
S_18033,car,route_5,8135.9836588
S_18061,car,route_3,8138.9102624
S_18105,car,route_3,8141.8979115
S_18107,car,route_3,8142.0430442
S_18115,motorcycle,route_3,8143.1363403
S_18121,car,route_3,8143.9356681
S_18260,car,route_5,8160.1694291
S_18262,motorcycle,route_3,8160.603293
S_18355,motorcycle,route_3,8178.0632106
S_18360,motorcycle,route_5,8179.3695609999995
S_18413,car,route_3,8195.2564037
S_18415,motorcycle,route_5,8195.7661856
S_18504,motorcycle,route_3,8233.8433343
S_18505,motorcycle,route_3,8233.9881625
S_18560,car,route_3,8261.9074175
S_18579,car,route_3,8263.1437567
S_18589,motorcycle,route_5,8264.0890482
S_18623,car,route_5,8280.5689994
S_18677,car,route_3,8297.5028299
S_18680,car,route_3,8297.9336435
S_18702,motorcycle,route_5,8304.3336873
S_18703,motorcycle,route_5,8304.5500313
S_18708,car,route_3,8305.7908659
S_18766,motorcycle,route_5,8319.6693368
S_18841,car,route_5,8348.3472944
S_18901,motorcycle,route_3,8351.5538554
S_18904,car,route_3,8351.9900657
S_18945,motorcycle,route_5,8368.1475188
S_18951,motorcycle,route_3,8368.6570105
S_18953,motorcycle,route_3,8369.1685642
S_18993,motorcycle,route_3,8375.4219101
S_18996,motorcycle,route_3,8375.7870778
S_19006,motorcycle,route_3,8376.5899861
S_19060,car,route_5,8384.6841267
S_19070,car,route_5,8386.9409693
S_19183,motorcycle,route_5,8409.0665036
S_19290,motorcycle,route_3,8438.6292041
S_19361,car,route_3,8454.3716531
S_19371,car,route_3,8454.515769
S_19377,car,route_3,8455.2416116
S_19402,motorcycle,route_5,8457.9406517
S_19401,motorcycle,route_5,8458.084568799999
S_19409,motorcycle,route_5,8458.3020392
S_19416,motorcycle,route_5,8459.4622234
S_19422,car,route_3,8460.2573803
S_19425,car,route_3,8461.3480809
S_19476,bus,route_3,8468.9487025
S_19485,car,route_5,8470.4726003
S_19506,car,route_5,8471.6359525
S_19480,car,route_3,8475.7785282
S_19541,car,route_3,8476.6497746
S_19543,car,route_3,8476.9379397
S_19564,car,route_3,8482.2517085
S_19598,car,route_3,8505.6727797
S_19654,motorcycle,route_3,8525.908465299999
S_19659,motorcycle,route_3,8526.1991075
S_19675,motorcycle,route_3,8529.8910346
S_19682,motorcycle,route_5,8531.1255642
S_19711,motorcycle,route_5,8537.3125015
S_19712,motorcycle,route_5,8537.8510283
S_19713,motorcycle,route_5,8538.0026853
S_19757,motorcycle,route_5,8567.6616633
S_19798,car,route_3,8593.7760924
S_19833,car,route_5,8600.9681597
S_19856,motorcycle,route_3,8606.0674561
S_19960,motorcycle,route_3,8653.0040201
S_19980,car,route_3,8661.722775
S_20056,motorcycle,route_5,8673.184924
S_20077,motorcycle,route_5,8677.5305563
S_20203,motorcycle,route_3,8707.5723121
S_20208,motorcycle,route_3,8707.9734821
S_20313,motorcycle,route_3,8725.0894594
S_20355,motorcycle,route_3,8732.2453572
S_20483,motorcycle,route_3,8763.7516857
S_20476,car,route_3,8772.7812821
S_20537,car,route_3,8785.7119764
S_20546,car,route_3,8785.8706017
S_20563,motorcycle,route_3,8796.3968417
S_20567,motorcycle,route_4,8796.5561565
S_20571,motorcycle,route_4,8797.0354513
S_20565,car,route_5,8801.2144752
S_20616,car,route_5,8804.0699719
S_20620,motorcycle,route_3,8804.3120241
S_20648,car,route_3,8814.0017831
S_20754,car,route_3,8851.2642967
S_20765,car,route_3,8852.3451475
S_20799,car,route_5,8871.0948779
S_20866,motorcycle,route_3,8872.2639247
S_20868,motorcycle,route_3,8872.6319987
S_20831,car,route_4,8883.8155812
S_20956,motorcycle,route_3,8891.3528926
S_20961,motorcycle,route_3,8891.9412706
S_20905,car,route_3,8897.929208
S_21017,truck,route_3,8908.2697907
S_21117,car,route_3,8918.7917197
S_21124,car,route_3,8919.4440024
S_21154,car,route_5,8922.662548
S_21173,car,route_3,8927.0288552
S_21200,motorcycle,route_3,8928.2577094
S_21240,car,route_3,8953.7805478
S_21278,car,route_3,8956.0285924
S_21280,motorcycle,route_5,8956.9703256
S_21316,motorcycle,route_3,8961.196334
S_21326,motorcycle,route_3,8961.3409637
S_21392,motorcycle,route_3,9001.6720575
S_21393,motorcycle,route_3,9002.1071641
S_21388,car,route_5,9005.3970775
S_21433,motorcycle,route_3,9011.4410253
S_21442,motorcycle,route_3,9013.4843504
S_21444,motorcycle,route_3,9014.0702923
S_21455,motorcycle,route_5,9016.7687846
S_21466,motorcycle,route_5,9018.2978971
S_21461,motorcycle,route_5,9018.370888
S_21474,motorcycle,route_3,9019.7574391
S_21477,motorcycle,route_3,9019.9029342
S_21524,motorcycle,route_3,9029.2984944
S_21561,car,route_5,9038.0312972
S_21575,motorcycle,route_5,9044.8001217
S_21579,motorcycle,route_5,9045.0196849
S_21635,motorcycle,route_3,9053.531333
S_21640,motorcycle,route_3,9053.8213722
S_21643,motorcycle,route_4,9053.9717631
S_21721,car,route_3,9068.6586047
S_21736,car,route_3,9070.3332709
S_21737,car,route_3,9071.5741984
S_21753,car,route_3,9072.0792884
S_21767,motorcycle,route_3,9076.2299066
S_21769,motorcycle,route_3,9076.3734528
S_21792,truck,route_3,9085.6049937
S_21841,motorcycle,route_3,9100.5597076
S_21858,motorcycle,route_3,9104.9081737
S_21859,motorcycle,route_3,9105.343066899999
S_21905,motorcycle,route_4,9118.8118154
S_21910,motorcycle,route_4,9119.2457388
S_21909,motorcycle,route_5,9119.2457528
S_21912,motorcycle,route_3,9120.1896179
S_21961,motorcycle,route_3,9126.4969161
S_21968,motorcycle,route_3,9126.6406602
S_21972,motorcycle,route_5,9127.219238399999
S_21985,motorcycle,route_3,9129.8354291
S_21994,car,route_3,9130.3486483
S_22011,motorcycle,route_3,9134.2666382
S_22012,motorcycle,route_5,9135.0666873
S_22083,motorcycle,route_5,9149.7770949
S_22084,motorcycle,route_5,9149.9226203
S_22085,motorcycle,route_5,9150.139684
S_22087,motorcycle,route_3,9150.9394399
S_22120,motorcycle,route_5,9156.6958006
S_22130,motorcycle,route_3,9157.496732399999
S_22156,car,route_5,9166.5275838
S_22201,motorcycle,route_5,9175.8491982
S_22223,motorcycle,route_5,9180.3626696
S_22253,motorcycle,route_5,9184.8001652
S_22262,motorcycle,route_3,9194.072184999999
S_22319,motorcycle,route_3,9198.9563505
S_22326,motorcycle,route_3,9199.3178382
S_22327,motorcycle,route_3,9199.5390617
S_22328,motorcycle,route_4,9199.611324899999
S_22329,motorcycle,route_3,9199.6844488
S_22339,motorcycle,route_3,9200.3396635
S_22397,motorcycle,route_3,9208.8072202
S_22399,car,route_5,9209.0974795
S_22483,motorcycle,route_5,9220.432632
S_22506,car,route_3,9220.5763169
S_22507,car,route_3,9220.9379789
S_22543,motorcycle,route_3,9225.4509893
S_22551,motorcycle,route_3,9228.7930349
S_22511,truck,route_4,9237.1391982
S_22600,motorcycle,route_5,9276.2763428
S_22648,car,route_5,9306.5231408
S_22673,car,route_3,9310.9529458
S_22678,car,route_3,9311.5296405
S_22679,car,route_3,9311.6757415
S_22696,motorcycle,route_3,9315.7305061
S_22715,motorcycle,route_4,9320.950121
S_22740,motorcycle,route_3,9323.128919
S_22742,car,route_3,9324.6564281
S_22774,motorcycle,route_4,9331.2625728
S_22853,motorcycle,route_3,9343.1842408
S_22889,motorcycle,route_3,9362.6636694
S_22917,motorcycle,route_5,9368.3305402
S_22969,motorcycle,route_5,9376.4090909
S_22980,motorcycle,route_3,9377.3582272
S_22986,car,route_5,9378.5239165
S_22984,motorcycle,route_4,9378.8156547
S_23013,motorcycle,route_3,9381.140247199999
S_23029,motorcycle,route_3,9381.3598589
S_23074,motorcycle,route_3,9387.3151223
S_23075,motorcycle,route_3,9387.7502575
S_23082,motorcycle,route_5,9389.1988107
S_23108,motorcycle,route_5,9391.5977462
S_23128,motorcycle,route_5,9397.6268891
S_23174,motorcycle,route_5,9415.0218809
S_23205,motorcycle,route_3,9421.500417
S_23170,car,route_3,9425.7943331
S_23239,car,route_3,9427.8611884
S_23291,motorcycle,route_3,9440.6285687
S_23297,motorcycle,route_3,9441.5913169
S_23333,motorcycle,route_5,9459.0340292
S_23327,car,route_3,9471.627532
S_23379,car,route_3,9476.9819468
S_23380,motorcycle,route_4,9477.481239
S_23385,motorcycle,route_4,9477.7309484
S_23386,car,route_3,9478.1216811
S_23450,motorcycle,route_5,9498.7710564
S_23461,motorcycle,route_5,9502.9340415
S_23468,motorcycle,route_5,9503.5125214
S_23493,motorcycle,route_5,9507.885994799999
S_23494,motorcycle,route_5,9508.1040482
S_23516,car,route_3,9510.8810049
S_23520,car,route_3,9511.1706239
S_23524,car,route_3,9511.461116299999
S_23529,motorcycle,route_5,9512.4829966
S_23642,motorcycle,route_3,9527.7232983
S_23645,motorcycle,route_3,9527.9455843
S_23651,motorcycle,route_3,9528.309461499999
S_23661,car,route_5,9529.6304334
S_23717,car,route_5,9536.5549472
S_23759,car,route_3,9542.7023268
S_23762,car,route_3,9542.9974976
S_23726,truck,route_5,9545.0417795
S_23772,car,route_3,9545.1891063
S_23923,motorcycle,route_5,9572.4147708
S_23718,car,route_3,9573.1508448
S_24024,motorcycle,route_5,9586.9743993
S_24027,motorcycle,route_3,9587.119392
S_24037,motorcycle,route_3,9589.979150699999
S_24116,motorcycle,route_3,9620.758139
S_24131,motorcycle,route_5,9624.6438964
S_24124,car,route_3,9625.8113257
S_24145,car,route_3,9626.977557
S_24170,car,route_3,9633.2159191
S_24118,car,route_4,9634.0243408
S_24206,motorcycle,route_3,9647.9621835
S_24228,motorcycle,route_5,9652.4583594
S_24269,motorcycle,route_3,9659.1634023
S_24290,motorcycle,route_4,9663.5109869
S_24311,motorcycle,route_5,9666.393036
S_24325,motorcycle,route_5,9668.3985989
S_24354,motorcycle,route_3,9673.5114471
S_24355,motorcycle,route_3,9673.810524299999
S_24368,motorcycle,route_3,9676.6271019
S_24450,motorcycle,route_3,9696.4583365
S_24451,motorcycle,route_3,9696.8265141
S_24452,motorcycle,route_3,9696.9750933
S_24524,motorcycle,route_3,9729.9433704
S_24600,motorcycle,route_5,9738.1382513
S_24612,motorcycle,route_3,9739.6677661
S_24618,motorcycle,route_3,9740.3993893
S_24633,motorcycle,route_5,9741.7124462
S_24653,car,route_5,9745.4477945
S_24684,motorcycle,route_3,9747.7168876
S_24789,motorcycle,route_4,9753.8712703
S_24804,motorcycle,route_4,9754.1675639
S_24814,motorcycle,route_5,9754.6798282
S_24818,motorcycle,route_5,9755.1201793
S_24802,motorcycle,route_3,9755.2665405
S_24809,motorcycle,route_3,9755.6362596
S_24781,car,route_5,9759.0749136
S_24902,motorcycle,route_3,9759.7331702
S_24908,motorcycle,route_3,9759.8818452
S_24932,motorcycle,route_3,9760.6818118
S_24934,car,route_5,9762.2169847
S_24985,motorcycle,route_3,9762.872671
S_25030,motorcycle,route_3,9765.425818
S_24796,car,route_3,9766.3029307
S_25055,motorcycle,route_3,9766.8868938
S_25065,car,route_3,9768.1249762
S_25025,motorcycle,route_5,9768.7132297
S_25104,motorcycle,route_3,9770.028445599999
S_25125,motorcycle,route_3,9771.9276267
S_25152,motorcycle,route_4,9775.135326
S_25156,motorcycle,route_4,9775.4262228
S_25077,car,route_3,9776.2979904
S_25161,motorcycle,route_4,9776.2980207
S_25178,motorcycle,route_3,9778.9240958
S_25189,truck,route_3,9806.0297222
S_25239,motorcycle,route_5,9826.9983202
S_25240,motorcycle,route_5,9827.1428963
S_25262,motorcycle,route_5,9833.0303997
S_25279,motorcycle,route_3,9837.6002554
S_25295,motorcycle,route_3,9844.3733402
S_25339,motorcycle,route_3,9866.043707
S_25340,motorcycle,route_4,9866.2674375
S_25357,motorcycle,route_3,9878.8520426
S_25359,motorcycle,route_3,9879.0704657
S_25360,motorcycle,route_3,9879.2145838
S_25390,motorcycle,route_3,9895.1955495
S_25465,motorcycle,route_3,9929.6008664
S_25470,motorcycle,route_5,9929.8903952
S_25439,car,route_3,9934.4159606
S_25474,car,route_5,9938.2865479
S_25585,car,route_3,9942.2277852
S_25473,car,route_5,9943.7583899
S_25620,car,route_3,9944.6328097
S_25531,car,route_3,9954.2570307
S_25777,motorcycle,route_5,9956.8866261
S_25879,car,route_5,9970.6435599
S_25976,car,route_5,9972.0315376
S_25978,car,route_3,9972.104317
S_25979,car,route_3,9972.3231716
S_25980,car,route_5,9972.3231873
S_25982,car,route_3,9972.5447982
S_25984,car,route_3,9972.8346925
S_25734,car,route_3,9976.5649695
S_26031,car,route_3,9977.7317729
S_26032,motorcycle,route_3,9977.9488961
S_26036,motorcycle,route_4,9978.2433004
S_26050,motorcycle,route_4,9979.7781178
S_26041,car,route_5,9981.2341284
S_26095,motorcycle,route_5,9984.0816762
S_26109,motorcycle,route_3,9990.4210358
S_26104,car,route_3,9992.5275073
S_26151,motorcycle,route_3,10018.9641936
S_26174,motorcycle,route_5,10024.6014376
S_26192,motorcycle,route_3,10037.4074122
S_26226,motorcycle,route_5,10043.3065062
S_26272,motorcycle,route_3,10064.1529392
S_26277,motorcycle,route_5,10066.3743639
S_26315,motorcycle,route_5,10070.5220588
S_26326,motorcycle,route_3,10071.3981541
S_26335,truck,route_5,10072.4368211
S_26408,motorcycle,route_3,10080.21739
S_26448,motorcycle,route_3,10084.8058906
S_26469,motorcycle,route_3,10093.6804077
S_26475,motorcycle,route_3,10093.8948551
S_26477,motorcycle,route_4,10094.3312933
S_26481,motorcycle,route_4,10094.6239218
S_26493,motorcycle,route_3,10097.1789327
S_26579,motorcycle,route_5,10127.4307154
S_26606,motorcycle,route_5,10132.4487116
S_26619,motorcycle,route_3,10136.3629441
S_26586,car,route_5,10136.5809128
S_26643,car,route_5,10138.692529
S_26653,motorcycle,route_3,10140.5838311
S_26725,motorcycle,route_3,10150.8698739
S_26734,motorcycle,route_5,10153.7828067
S_26763,car,route_5,10158.96828
S_26786,motorcycle,route_3,10163.8549599
S_26816,motorcycle,route_3,10168.1522939
S_26866,motorcycle,route_5,10182.4469336
S_26908,motorcycle,route_3,10185.4309966
S_26939,motorcycle,route_3,10197.9472818
S_26949,motorcycle,route_3,10200.1338514
S_26920,truck,route_3,10200.6501434
S_26934,car,route_5,10201.8823897
S_26970,car,route_3,10214.61464
S_26999,motorcycle,route_3,10231.8455438
S_27007,motorcycle,route_3,10232.5726425
S_27000,car,route_3,10234.3215859
S_27065,motorcycle,route_5,10245.1466662
S_27066,motorcycle,route_5,10245.3651278
S_27089,motorcycle,route_3,10253.150331499999
S_27096,motorcycle,route_3,10253.3691247
S_27087,car,route_5,10258.319585
S_27161,motorcycle,route_3,10263.2623465
S_27198,motorcycle,route_3,10265.8862217
S_27199,car,route_3,10266.1049014
S_27228,motorcycle,route_3,10269.1701031
S_27238,motorcycle,route_5,10271.0631018
S_27270,car,route_3,10286.1432241
S_27286,car,route_3,10287.4560446
S_27287,car,route_3,10287.7448225
S_27395,motorcycle,route_3,10318.7974074
S_27426,motorcycle,route_3,10321.5698665
S_27460,motorcycle,route_5,10324.7818366
S_27492,motorcycle,route_4,10327.5537548
S_27580,motorcycle,route_3,10338.2172909
S_27637,motorcycle,route_5,10356.2889694
S_27659,motorcycle,route_3,10359.8715785
S_27662,motorcycle,route_3,10360.3270067
S_27715,motorcycle,route_3,10366.3280191
S_27741,motorcycle,route_3,10368.2280927
S_27818,motorcycle,route_4,10376.8587645
S_27622,car,route_3,10382.0605946
S_27974,motorcycle,route_5,10390.5097637
S_27971,car,route_3,10394.5167294
S_27995,car,route_3,10395.2639426
S_28015,motorcycle,route_3,10396.6543325
S_28028,motorcycle,route_3,10398.9122681
S_28045,motorcycle,route_4,10406.1466156
S_28062,motorcycle,route_3,10412.5507022
S_28079,motorcycle,route_3,10417.9175402
S_28108,motorcycle,route_4,10427.8614648
S_28109,motorcycle,route_4,10428.0856521
S_28115,motorcycle,route_5,10435.6535967
S_28120,motorcycle,route_5,10437.3071472
S_28123,car,route_3,10438.2020266
S_28107,car,route_3,10438.3517623
S_28150,motorcycle,route_5,10443.6922515
S_28153,motorcycle,route_5,10443.917066
S_28210,motorcycle,route_5,10465.786429
S_28252,motorcycle,route_5,10478.2071707
S_28237,car,route_3,10483.9341414
S_28307,car,route_3,10489.6783523
S_28315,car,route_3,10500.5069185
S_28393,motorcycle,route_5,10503.6815346
S_28339,car,route_5,10506.1025114
S_28431,car,route_5,10508.1513994
S_28502,motorcycle,route_3,10520.91596
S_28514,car,route_3,10520.9888056
S_28516,motorcycle,route_3,10521.1344759
S_28468,car,route_5,10524.8590986
S_28541,car,route_5,10527.1965821
S_28567,motorcycle,route_5,10531.7491918
S_28608,motorcycle,route_5,10536.650231399999
S_28618,car,route_3,10538.3303022
S_28721,car,route_3,10549.2107996
S_28766,car,route_3,10562.7319993
S_28866,car,route_3,10562.8764636
S_28869,car,route_3,10563.6800323
S_28872,car,route_3,10564.0483766
S_28910,motorcycle,route_5,10567.6118307
S_28935,motorcycle,route_5,10569.3577162
S_28942,car,route_3,10572.5540695
S_28956,car,route_5,10574.6619606
S_28967,truck,route_5,10580.6977168
S_29007,motorcycle,route_5,10602.3413631
S_29060,motorcycle,route_5,10622.9422411
S_29076,motorcycle,route_3,10627.9322819
S_29117,motorcycle,route_3,10634.4026614
S_29154,motorcycle,route_3,10640.7067851
S_29203,motorcycle,route_4,10648.2030652
S_29160,truck,route_3,10651.2127746
S_29250,motorcycle,route_5,10658.0654116
S_29252,motorcycle,route_5,10658.2164107
S_29208,car,route_5,10660.4397894
S_29280,car,route_5,10661.617209
S_29321,truck,route_3,10667.5293948
S_29323,truck,route_3,10667.6752792
S_29326,car,route_3,10668.1223346
S_29329,car,route_3,10668.4908608
S_29332,car,route_3,10668.859077
S_29333,motorcycle,route_5,10671.7354718
S_29353,motorcycle,route_5,10673.797485
S_29356,motorcycle,route_5,10674.0195463
S_29361,car,route_3,10674.241253099999
S_29521,motorcycle,route_5,10692.2894869
S_29532,motorcycle,route_5,10693.7040891
S_29587,motorcycle,route_5,10701.2460282
S_29633,car,route_3,10707.8603452
S_29635,motorcycle,route_5,10708.234412
S_29637,car,route_3,10708.3127555
S_29681,motorcycle,route_5,10719.7859661
S_29685,motorcycle,route_5,10720.26778
S_29617,truck,route_3,10735.7655839
S_29253,truck,route_3,10746.8270828
S_29892,motorcycle,route_4,10750.3189682
S_29897,motorcycle,route_4,10750.5370203
S_29907,car,route_3,10752.4998492
S_29909,car,route_3,10753.0813637
S_29923,car,route_3,10755.6978101
S_29926,car,route_3,10755.9208567
S_29888,truck,route_3,10759.8606715
S_29956,truck,route_3,10761.5353024
S_29965,motorcycle,route_5,10763.8654024
S_29978,car,route_3,10765.2584989
S_30027,motorcycle,route_5,10780.0388373
S_30029,motorcycle,route_5,10780.2549413
S_30030,motorcycle,route_5,10780.5505849
S_30084,motorcycle,route_5,10799.6983983
S_30128,truck,route_3,10822.8713417
S_30217,motorcycle,route_5,10830.2231405
S_30262,motorcycle,route_5,10836.0557732
S_30273,car,route_3,10837.1515495
S_30294,motorcycle,route_5,10840.5831532
S_30311,car,route_3,10841.8234307
S_30337,car,route_3,10844.5868249
S_30344,car,route_3,10849.1162552
S_30323,car,route_5,10849.1890714
S_30393,car,route_3,10850.4984033
S_30404,car,route_3,10851.4470557
S_30429,car,route_5,10853.8489979
S_30464,motorcycle,route_3,10860.3296778
S_30439,car,route_5,10867.0336534
S_30500,car,route_5,10870.5544395
S_30545,motorcycle,route_4,10879.500182
S_30590,car,route_5,10885.844827
S_30610,car,route_5,10888.7828357
S_30621,car,route_5,10889.3740303
S_30625,car,route_5,10889.6726672
S_30632,car,route_5,10890.5000514
S_30630,car,route_5,10890.6465916
S_30552,car,route_3,10894.9346371
S_30722,motorcycle,route_4,10898.0675876
S_30789,motorcycle,route_4,10900.9396504
S_30864,motorcycle,route_5,10903.2791786
S_30918,motorcycle,route_4,10905.4781812
S_30919,car,route_3,10905.6261349
S_30922,car,route_3,10905.770582699999
S_30927,motorcycle,route_3,10905.9171707
S_30975,car,route_3,10907.7494075
S_30911,car,route_3,10911.6244206
S_31096,motorcycle,route_3,10916.6519983
S_31123,motorcycle,route_4,10922.4319509
S_31181,car,route_5,10959.2876969
S_31187,car,route_5,10960.6617199
S_31188,car,route_5,10960.9493172
S_31204,motorcycle,route_3,10972.1303996
S_31205,motorcycle,route_3,10972.4201708
S_31206,motorcycle,route_3,10972.638965099999
S_31229,motorcycle,route_5,10976.1914624
S_31259,motorcycle,route_3,10981.5716203
S_31276,motorcycle,route_3,10982.2952114
S_31279,motorcycle,route_3,10982.6652964
S_31262,motorcycle,route_3,10983.4652833
S_31327,motorcycle,route_3,10990.7333146
S_31395,motorcycle,route_3,11006.4125908
S_31411,motorcycle,route_5,11012.1347103
S_31446,motorcycle,route_3,11018.1625686
S_31482,motorcycle,route_3,11023.5393607
S_31483,motorcycle,route_3,11023.8339708
S_31488,motorcycle,route_5,11024.635008
S_31489,motorcycle,route_5,11024.9265732
S_31517,motorcycle,route_3,11028.418270099999
S_31531,motorcycle,route_3,11032.7149551
S_31597,motorcycle,route_5,11037.7362917
S_31629,motorcycle,route_3,11041.4491498
S_31631,motorcycle,route_4,11041.811287
S_31552,car,route_3,11042.7624151
S_31572,car,route_3,11048.0137909
S_31734,motorcycle,route_3,11063.4617287
S_31769,motorcycle,route_5,11068.7220157
S_31767,truck,route_3,11074.8454094
S_31822,car,route_5,11077.0335523
S_31868,car,route_5,11082.3542256
S_31907,motorcycle,route_5,11090.7405267
S_31947,motorcycle,route_5,11094.8874468
S_31963,motorcycle,route_5,11096.6386659
S_31931,truck,route_3,11097.0001865
S_31970,motorcycle,route_4,11097.2179015
S_32016,motorcycle,route_3,11109.3426137
S_32029,motorcycle,route_3,11110.9419637
S_32082,motorcycle,route_3,11120.0787346
S_32086,motorcycle,route_3,11121.3870787
S_32136,motorcycle,route_5,11131.104699
S_32159,motorcycle,route_3,11131.8992743
S_32161,motorcycle,route_3,11132.1175798
S_32164,motorcycle,route_3,11133.0631472
S_32166,motorcycle,route_3,11133.4245475
S_32167,motorcycle,route_3,11133.4985409
S_32171,motorcycle,route_3,11134.225027299999
S_32327,motorcycle,route_5,11164.8107809
S_32305,motorcycle,route_3,11164.8825639
S_32330,motorcycle,route_5,11165.0307444
S_32322,motorcycle,route_3,11170.1907192
S_32352,motorcycle,route_3,11170.8424836
S_32415,motorcycle,route_3,11175.1296411
S_32429,motorcycle,route_5,11182.2654356
S_32459,truck,route_4,11198.1912741
S_32536,truck,route_4,11198.5596647
S_32569,motorcycle,route_4,11203.656829
S_32573,motorcycle,route_5,11204.8962815
S_32605,motorcycle,route_5,11206.5751914
S_32609,motorcycle,route_5,11206.7198574
S_32619,motorcycle,route_5,11208.1038404
S_32633,motorcycle,route_3,11209.9951123
S_32665,motorcycle,route_3,11211.446575
S_32698,motorcycle,route_3,11222.6451776
S_32748,motorcycle,route_3,11224.7560446
S_32784,car,route_5,11228.6111912
S_32790,car,route_5,11228.8298936
S_32791,motorcycle,route_5,11228.973543
S_32801,motorcycle,route_5,11230.063694
S_32810,motorcycle,route_3,11231.0828025
S_32847,motorcycle,route_3,11236.0965206
S_32836,motorcycle,route_5,11236.2406211
S_32823,car,route_5,11239.5868212
S_32895,car,route_5,11241.8367825
S_32860,motorcycle,route_3,11241.9856127
S_32907,motorcycle,route_3,11242.4216927
S_32865,car,route_5,11247.5288481
S_32993,car,route_5,11250.9655521
S_32879,car,route_3,11252.2051025
S_33025,car,route_3,11253.51741
S_33044,car,route_3,11255.1280703
S_32854,car,route_4,11255.7113596
S_33091,car,route_5,11259.9515783
S_33092,car,route_5,11260.172046
S_33093,car,route_5,11260.317207
S_33101,car,route_5,11260.8281473
S_33133,car,route_5,11262.2898115
S_33137,car,route_5,11262.6705918
S_33143,car,route_5,11262.8248633
S_33160,car,route_5,11263.8216138
S_33173,car,route_3,11265.1985022
S_33197,car,route_3,11266.485577
S_33205,motorcycle,route_3,11266.7921255
S_33209,motorcycle,route_3,11266.9432459
S_33233,motorcycle,route_4,11269.0074389
S_33234,motorcycle,route_4,11269.1579078
S_33235,motorcycle,route_4,11269.3872566
S_33309,motorcycle,route_4,11277.5966295
S_33329,motorcycle,route_4,11280.6650431
S_33350,motorcycle,route_4,11280.8118581
S_33356,motorcycle,route_4,11281.0304877
S_33495,motorcycle,route_5,11287.3186155
S_33499,motorcycle,route_5,11287.5348963
S_33581,motorcycle,route_3,11308.9855744
S_33637,motorcycle,route_3,11318.0660313
S_33645,motorcycle,route_4,11319.4503087
S_33654,motorcycle,route_3,11320.6128618
S_33740,motorcycle,route_5,11351.7048035
S_33750,motorcycle,route_5,11352.574636
S_33753,motorcycle,route_5,11354.1053731
S_33773,motorcycle,route_5,11359.9215821
S_33765,car,route_3,11361.7343642
S_33846,motorcycle,route_5,11364.992746
S_33857,motorcycle,route_5,11365.2104789
S_33890,motorcycle,route_3,11372.419829299999
S_33970,motorcycle,route_5,11387.7913403
S_34001,motorcycle,route_4,11391.139056
S_34112,motorcycle,route_5,11411.4361311
S_34129,motorcycle,route_3,11413.2563978
S_34196,motorcycle,route_3,11425.1474795
S_34210,motorcycle,route_3,11425.3033839
S_34224,motorcycle,route_4,11428.242344799999
S_34225,motorcycle,route_4,11428.6085147
S_34260,motorcycle,route_4,11431.9032687
S_34270,motorcycle,route_4,11432.5577384
S_34283,motorcycle,route_4,11433.0700921
S_34288,motorcycle,route_4,11433.4386705
S_34293,motorcycle,route_4,11433.6554802
S_34311,motorcycle,route_5,11435.6196738
S_34317,motorcycle,route_5,11435.9838311
S_34314,motorcycle,route_5,11436.785681
S_34368,motorcycle,route_5,11441.1372827
S_34372,motorcycle,route_3,11441.7301289
S_34424,motorcycle,route_3,11447.6939847
S_34456,motorcycle,route_4,11449.3664206
S_34458,motorcycle,route_4,11449.510851
S_34479,motorcycle,route_3,11452.3452908
S_34490,motorcycle,route_3,11452.7830799
S_34524,motorcycle,route_5,11457.0670847
S_34527,car,route_4,11459.5648392
S_34564,motorcycle,route_3,11464.684519
S_34582,motorcycle,route_3,11471.0547046
S_34756,motorcycle,route_3,11491.411296
S_34805,motorcycle,route_3,11493.9625218
S_34835,motorcycle,route_5,11496.0825298
S_34868,motorcycle,route_5,11496.5941048
S_34854,motorcycle,route_5,11498.7296715
S_34991,motorcycle,route_5,11503.4112867
S_35018,motorcycle,route_3,11505.0963487
S_35163,motorcycle,route_4,11513.6405106
S_35164,motorcycle,route_4,11513.9397246
S_35205,motorcycle,route_3,11538.0940118
S_35250,motorcycle,route_3,11540.3585325
S_35260,motorcycle,route_3,11543.0529664
S_35280,motorcycle,route_3,11557.8859847
S_35313,motorcycle,route_5,11561.813826
S_35377,motorcycle,route_5,11573.2154175
S_35378,motorcycle,route_3,11573.6547899
S_35394,motorcycle,route_3,11577.6590496
S_35443,motorcycle,route_3,11580.6557106
S_35446,car,route_3,11584.9622258
S_35531,car,route_3,11587.221315
S_35535,car,route_3,11587.5823307
S_35434,car,route_3,11591.5197925
S_35575,motorcycle,route_4,11593.3498754
S_35621,car,route_3,11594.1546729
S_35627,car,route_4,11594.6671472
S_35653,motorcycle,route_3,11596.1909758
S_35660,car,route_3,11596.7775799
S_35605,car,route_5,11596.9227534
S_35687,motorcycle,route_3,11598.6749792
S_35701,car,route_5,11598.8984234
S_35718,motorcycle,route_5,11601.2361022
S_35729,motorcycle,route_3,11602.1112361
S_35766,motorcycle,route_3,11604.0145992
S_35768,motorcycle,route_3,11604.1628493
S_35855,motorcycle,route_4,11611.9206462
S_35879,motorcycle,route_3,11614.1138453
S_35953,motorcycle,route_3,11619.8224197
S_35969,motorcycle,route_4,11621.1451983
S_35978,motorcycle,route_4,11622.4617306
S_36080,motorcycle,route_3,11633.2951115
S_36183,motorcycle,route_5,11642.6467601
S_36309,car,route_3,11656.3268049
S_36349,motorcycle,route_5,11665.4583501
S_36338,car,route_3,11665.6042586
S_36376,motorcycle,route_5,11670.2825206
S_36415,car,route_3,11674.3614694
S_36425,car,route_3,11675.7512908
S_36432,car,route_3,11676.1880688
S_36437,car,route_3,11676.4108689
S_36469,motorcycle,route_5,11679.5491234
S_36471,motorcycle,route_5,11679.6933011
S_36501,car,route_3,11682.6173867
S_36545,car,route_3,11687.0684297
S_36555,car,route_3,11688.0934902
S_36557,car,route_3,11688.3118261
S_36575,car,route_3,11690.7295092
S_36578,car,route_3,11690.8771834
S_36581,car,route_3,11691.094594099999
S_36598,car,route_3,11692.7739699
S_36603,car,route_3,11693.3546373
S_36650,car,route_3,11698.4024827
S_36652,car,route_3,11698.621557299999
S_36654,car,route_3,11699.3501205
S_36657,car,route_3,11700.0843266
S_36664,car,route_3,11700.740383
S_36677,car,route_3,11701.8303107
S_36679,car,route_3,11702.2701157
S_36702,car,route_3,11704.4567351
S_36709,car,route_3,11705.0411205
S_36737,car,route_3,11708.9040204
S_36739,car,route_3,11709.2709858
S_36740,car,route_3,11709.4899007
S_36744,car,route_3,11710.5118532
S_36752,car,route_3,11711.0276557
S_36774,car,route_3,11713.4430094
S_36782,car,route_3,11714.7554095
S_36651,car,route_5,11715.6302086
S_36982,car,route_3,11735.2545644
S_36983,car,route_3,11735.8409857
S_36993,car,route_3,11736.3493048
S_37005,motorcycle,route_3,11737.0146245
S_37036,car,route_3,11738.9831762
S_37058,car,route_3,11739.7848764
S_37067,car,route_3,11740.148358299999
S_37074,car,route_3,11740.440976
S_37075,car,route_3,11740.661454
S_37081,car,route_3,11741.0986259
S_37084,car,route_3,11741.462568
S_37129,car,route_3,11744.4611809
S_37151,motorcycle,route_5,11746.5100331
S_37033,car,route_3,11746.8746682
S_37211,motorcycle,route_4,11749.358092
S_37235,car,route_3,11750.8826942
S_37238,car,route_3,11751.2451937
S_37106,car,route_3,11751.8295053
S_37275,motorcycle,route_5,11754.3002357
S_37277,car,route_3,11754.9571516
S_37290,motorcycle,route_5,11758.7434517
S_37310,motorcycle,route_4,11760.7777846
S_37320,motorcycle,route_4,11760.9957878
S_37327,motorcycle,route_5,11764.1910954
S_37379,motorcycle,route_3,11773.8354875
S_37382,motorcycle,route_3,11775.2956853
S_37418,motorcycle,route_3,11777.3953439
S_37482,motorcycle,route_3,11782.853544
S_37510,motorcycle,route_3,11791.5740215
S_37543,motorcycle,route_5,11792.9577998
S_37564,motorcycle,route_5,11795.8037794
S_37611,motorcycle,route_4,11800.9243546
S_37507,car,route_3,11801.0706739
S_37662,motorcycle,route_5,11813.8034247
S_37663,motorcycle,route_5,11814.388822
S_37661,motorcycle,route_5,11814.8265993
S_37677,motorcycle,route_5,11824.6083985
S_37744,motorcycle,route_3,11831.8907722
S_37750,motorcycle,route_3,11832.3294869
S_37810,motorcycle,route_3,11856.2650136
S_37828,motorcycle,route_4,11858.3101057
S_37817,motorcycle,route_5,11860.4992323
S_37863,motorcycle,route_3,11862.5390376
S_37905,motorcycle,route_5,11870.3311478
S_37926,motorcycle,route_5,11875.4314016
S_37991,motorcycle,route_5,11891.3534056
S_38004,motorcycle,route_5,11899.1479424
S_38041,motorcycle,route_5,11902.4249728
S_38029,car,route_5,11907.4463989
S_38098,car,route_5,11909.4984554
S_38103,car,route_5,11910.2293423
S_38109,car,route_5,11910.8141077
S_38084,car,route_5,11914.9841165
S_38149,motorcycle,route_5,11916.0063473
S_38061,car,route_3,11921.4206438
S_38214,car,route_3,11926.0923519
S_38268,motorcycle,route_5,11934.2892997
S_38281,motorcycle,route_4,11936.847221
S_38349,car,route_3,11964.065626399999
S_38429,motorcycle,route_5,11964.2844045
S_38444,motorcycle,route_5,11964.944959299999
S_38448,car,route_3,11965.3870129
S_38452,car,route_3,11965.9766342
S_38475,car,route_3,11967.8705782
S_38478,car,route_3,11968.0903951
S_38492,car,route_3,11969.1282034
S_38579,motorcycle,route_5,11976.0541741
S_38622,car,route_3,11978.4687648
S_38627,car,route_3,11978.6884352
S_38668,car,route_3,11982.165816
S_38694,car,route_3,11983.4841472
S_38771,motorcycle,route_4,11989.296864
S_38833,car,route_4,11993.92982
S_38906,car,route_4,11994.224524
S_38915,car,route_4,11994.5206212
S_38946,car,route_4,11995.5534842
S_38985,car,route_4,11996.735634
S_38995,motorcycle,route_3,11997.2476946
S_39013,car,route_5,11997.9107249
S_39150,car,route_3,12002.6848459
S_39166,car,route_3,12003.0489422
S_39170,motorcycle,route_3,12003.4917407
S_38744,car,route_5,12004.961768
S_39211,car,route_3,12005.9835524
S_39228,motorcycle,route_4,12006.054989799999
S_39257,car,route_5,12008.4479288
S_38745,car,route_5,12010.1647325
S_39299,motorcycle,route_4,12011.4920643
S_38735,car,route_3,12012.5259757
S_39342,motorcycle,route_5,12014.7863961
S_39357,motorcycle,route_3,12014.9387095
S_39362,motorcycle,route_5,12015.2357527
S_39364,car,route_3,12015.5293239
S_39370,car,route_3,12016.0449672
S_39375,motorcycle,route_5,12017.0822418
S_39458,motorcycle,route_3,12031.795841
S_39476,motorcycle,route_3,12034.4357344
S_39499,motorcycle,route_3,12047.9560456
S_39529,motorcycle,route_4,12050.744259
S_39557,motorcycle,route_5,12056.6238739
S_39604,motorcycle,route_3,12063.4252386
S_39637,motorcycle,route_4,12069.65868
S_39662,motorcycle,route_5,12078.8529273
S_39719,motorcycle,route_3,12094.5040618
S_39717,motorcycle,route_3,12095.7382224
S_39730,motorcycle,route_5,12097.9222531
S_39746,motorcycle,route_5,12098.6439894
S_39749,motorcycle,route_3,12099.8110133
S_39765,motorcycle,route_5,12102.5174903
S_39770,motorcycle,route_5,12103.90588
S_39833,motorcycle,route_5,12115.8545185
S_39852,motorcycle,route_5,12123.74096
S_39873,motorcycle,route_3,12125.3472421
S_39915,motorcycle,route_3,12131.8512532
S_39936,motorcycle,route_3,12137.9916446
S_39976,motorcycle,route_3,12141.554973
S_40047,motorcycle,route_5,12149.583921
S_40037,motorcycle,route_3,12151.2659859
S_40056,motorcycle,route_3,12153.0255037
S_40049,motorcycle,route_3,12156.9751485
S_40127,motorcycle,route_5,12159.3152675
S_40131,motorcycle,route_5,12159.388173
S_40171,motorcycle,route_5,12163.5508761
S_40180,motorcycle,route_5,12163.9180587
S_40200,car,route_4,12167.2746213
S_40216,car,route_4,12168.4534178
S_40293,motorcycle,route_3,12179.672234
S_40294,motorcycle,route_5,12180.361823
S_40327,motorcycle,route_4,12182.8035473
S_40330,motorcycle,route_4,12182.97774
S_40358,motorcycle,route_4,12186.421285
S_40369,motorcycle,route_5,12188.1711226
S_40465,motorcycle,route_3,12199.9310441
S_40382,car,route_5,12200.8813832
S_40484,motorcycle,route_3,12200.8814054
S_40511,motorcycle,route_4,12204.46185
S_40513,motorcycle,route_4,12204.6084837
S_40564,motorcycle,route_3,12209.633993899999
S_40566,motorcycle,route_3,12209.8506339
S_40568,motorcycle,route_3,12210.0710341
S_40573,motorcycle,route_4,12211.4544184
S_40574,motorcycle,route_4,12211.672237499999
S_40631,motorcycle,route_3,12237.6375406
S_40742,motorcycle,route_4,12258.7796666
S_40747,motorcycle,route_4,12259.0736845
S_40668,car,route_3,12259.1463234
S_40749,motorcycle,route_4,12259.2186754
S_41031,motorcycle,route_4,12271.1800003
S_41032,motorcycle,route_4,12271.327631
S_40973,motorcycle,route_5,12272.8598046
S_40814,car,route_5,12276.8842953
S_41169,motorcycle,route_3,12278.1198843
S_41178,car,route_5,12278.7761159
S_41219,motorcycle,route_5,12284.6652997
S_41221,motorcycle,route_5,12284.8078477
S_41224,motorcycle,route_5,12284.8842278
S_41227,car,route_3,12285.2473017
S_41226,motorcycle,route_5,12285.3923113
S_41256,motorcycle,route_3,12291.053219
S_41288,car,route_3,12301.4927483
S_41305,car,route_3,12302.364345
S_41343,motorcycle,route_3,12311.5186951
S_41370,motorcycle,route_3,12320.390191
S_41398,motorcycle,route_3,12328.0509742
S_41399,motorcycle,route_3,12328.5598014
S_41396,truck,route_5,12334.3233925
S_41422,car,route_5,12335.6399322
S_41433,motorcycle,route_3,12339.2951218
S_41393,car,route_3,12342.1411887
S_41465,motorcycle,route_3,12348.6425771
S_41474,motorcycle,route_3,12348.862929
S_41445,motorcycle,route_3,12351.7912827
S_41491,motorcycle,route_3,12352.7386971
S_41565,motorcycle,route_3,12360.6306521
S_41586,motorcycle,route_5,12362.9731994
S_41600,motorcycle,route_5,12363.55648
S_41601,motorcycle,route_5,12363.9239999
S_41662,motorcycle,route_3,12372.9112373
S_41694,motorcycle,route_3,12376.7833769
S_41729,motorcycle,route_3,12377.4389956
S_41731,motorcycle,route_3,12377.6600672
S_41734,motorcycle,route_4,12378.0261357
S_41837,motorcycle,route_3,12393.5123226
S_41833,motorcycle,route_3,12394.6033389
S_41850,motorcycle,route_3,12394.9687852
S_41823,car,route_3,12398.985857
S_41902,motorcycle,route_3,12402.4152099
S_41999,motorcycle,route_4,12414.5001814
S_42014,motorcycle,route_5,12416.5417608
S_42019,motorcycle,route_4,12416.9106673
S_42020,motorcycle,route_5,12416.9856433
S_42073,motorcycle,route_5,12421.8867262
S_42075,motorcycle,route_5,12422.2506834
S_42077,motorcycle,route_3,12422.3959367
S_42125,motorcycle,route_4,12426.634483
S_42113,motorcycle,route_5,12427.2914455
S_42159,motorcycle,route_4,12428.6113835
S_42201,motorcycle,route_4,12433.1387234
S_42214,motorcycle,route_5,12433.4338591
S_42175,car,route_5,12442.7957618
S_42349,car,route_5,12446.960447899999
S_42350,car,route_5,12447.4016908
S_42362,car,route_5,12449.081634099999
S_42369,car,route_5,12449.9583253
S_42400,motorcycle,route_3,12455.8767064
S_42401,motorcycle,route_3,12456.0220382
S_42406,motorcycle,route_3,12456.2401945
S_42423,motorcycle,route_3,12458.7923096
S_42445,car,route_5,12463.3850556
S_42460,motorcycle,route_5,12463.7495151
S_42461,motorcycle,route_5,12463.9697867
S_42463,car,route_5,12464.114539
S_42600,motorcycle,route_5,12486.9958427
S_42671,motorcycle,route_4,12495.3157086
S_42774,car,route_4,12509.3226929
S_42726,car,route_4,12512.388048
S_42959,car,route_5,12543.897712599999
S_42964,car,route_5,12544.1153471
S_42968,car,route_5,12544.4044845
S_42981,car,route_5,12545.0635841
S_42984,motorcycle,route_5,12545.355061
S_42987,motorcycle,route_5,12545.723713
S_43032,car,route_5,12547.0401119
S_43184,motorcycle,route_3,12552.3783315
S_43199,motorcycle,route_3,12552.8159673
S_43221,motorcycle,route_5,12553.6162527
S_43268,motorcycle,route_3,12555.8117727
S_43275,motorcycle,route_3,12556.1067788
S_43293,motorcycle,route_3,12559.0965049
S_43310,motorcycle,route_3,12559.2409254
S_43320,motorcycle,route_3,12560.121965
S_43324,motorcycle,route_3,12560.3402444
S_43328,motorcycle,route_3,12560.4836795
S_43335,motorcycle,route_3,12561.0662827
S_43339,motorcycle,route_5,12561.2840806
S_43368,motorcycle,route_3,12565.2102079
S_43380,motorcycle,route_5,12568.68926
S_43410,motorcycle,route_3,12585.3013188
S_43409,motorcycle,route_3,12585.4466572
S_43445,motorcycle,route_3,12613.3245915
S_43472,motorcycle,route_5,12620.8030825
S_43502,motorcycle,route_3,12629.2115154
S_43506,motorcycle,route_5,12629.4999717
S_43517,motorcycle,route_5,12629.7163667
S_43534,motorcycle,route_3,12631.7545414
S_43546,motorcycle,route_5,12632.6171322
S_43524,car,route_3,12633.2723665
S_43572,car,route_3,12634.731494
S_43580,car,route_3,12635.2435266
S_43562,motorcycle,route_3,12635.5319398
S_43626,motorcycle,route_5,12640.195553
S_43654,motorcycle,route_5,12645.3476711
S_43709,motorcycle,route_5,12653.4116614
S_43716,motorcycle,route_5,12653.8511295
S_43717,motorcycle,route_5,12653.9957325
S_43712,motorcycle,route_3,12654.5801729
S_43775,motorcycle,route_3,12660.256485
S_43767,motorcycle,route_3,12660.6926728
S_43785,motorcycle,route_5,12660.8368011
S_43809,motorcycle,route_4,12662.808928
S_43796,motorcycle,route_3,12663.5354973
S_43819,car,route_3,12666.7481482
S_43874,motorcycle,route_4,12667.9153394
S_43896,car,route_3,12669.3729443
S_43902,car,route_3,12669.7312091
S_43956,motorcycle,route_4,12673.9556964
S_43958,motorcycle,route_4,12674.1781507
S_43960,motorcycle,route_4,12674.4715503
S_43961,motorcycle,route_4,12674.6924872
S_44015,motorcycle,route_5,12683.5746158
S_44028,motorcycle,route_3,12684.3779094
S_44031,motorcycle,route_4,12684.8849122
S_44032,motorcycle,route_3,12685.7600391
S_44113,motorcycle,route_3,12696.6796584
S_44149,motorcycle,route_3,12700.3592332
S_44186,motorcycle,route_3,12703.1885555
S_44199,motorcycle,route_4,12703.6224948
S_44226,motorcycle,route_3,12705.9578878
S_44265,motorcycle,route_5,12709.1191232
S_44349,motorcycle,route_3,12720.140098
S_44358,motorcycle,route_3,12720.43151
S_44362,motorcycle,route_3,12720.7222021
S_44361,motorcycle,route_5,12721.4565291
S_44373,car,route_4,12725.1129406
S_44396,car,route_4,12726.7266619
S_44399,car,route_4,12726.9472115
S_44343,car,route_5,12729.1437982
S_44430,motorcycle,route_3,12729.3625179
S_44440,motorcycle,route_4,12730.0197077
S_44451,car,route_5,12730.6826422
S_44453,car,route_5,12730.8288294
S_44457,car,route_5,12731.1224861
S_44449,motorcycle,route_3,12731.4142422
S_44482,car,route_5,12733.903503
S_44486,car,route_5,12734.3417873
S_44491,car,route_5,12734.6334906
S_44356,car,route_3,12737.6000413
S_45076,motorcycle,route_4,12831.6072941
S_45082,motorcycle,route_4,12831.7534454
S_45343,motorcycle,route_4,12849.281325599999
S_45379,motorcycle,route_3,12852.6816693
S_45386,motorcycle,route_3,12853.9169896
S_45408,motorcycle,route_3,12856.5190098
S_45427,motorcycle,route_3,12858.9042119
S_45446,motorcycle,route_3,12861.7301442
S_45454,motorcycle,route_4,12863.6107901
S_45476,motorcycle,route_3,12866.9568724
S_45484,motorcycle,route_3,12874.1360643
S_45509,motorcycle,route_3,12877.986462
S_45513,motorcycle,route_5,12878.7814504
S_45522,motorcycle,route_3,12880.6650998
S_45532,motorcycle,route_3,12880.7370578
S_45527,motorcycle,route_5,12881.8276423
S_45544,motorcycle,route_3,12881.8277031
S_45574,motorcycle,route_3,12889.2909289
S_45582,motorcycle,route_5,12889.585198
S_45603,motorcycle,route_3,12891.402119
S_45621,motorcycle,route_5,12892.5697952
S_45628,motorcycle,route_3,12892.7159205
S_45645,motorcycle,route_5,12894.979345
S_45670,truck,route_5,12906.706454699999
S_45683,car,route_5,12907.7221125
S_45669,motorcycle,route_3,12908.0107575
S_45684,car,route_5,12908.0829011
S_45672,car,route_3,12910.8385209
S_45723,motorcycle,route_3,12916.5033653
S_45709,motorcycle,route_5,12917.453223
S_45768,motorcycle,route_3,12925.9711199
S_45807,motorcycle,route_5,12932.3702342
S_45824,motorcycle,route_3,12935.1242135
S_45842,motorcycle,route_4,12938.8221611
S_45850,motorcycle,route_4,12939.2607678
S_45909,motorcycle,route_5,12950.6552
S_45903,motorcycle,route_3,12952.6184827
S_45942,motorcycle,route_3,12958.2305114
S_45979,motorcycle,route_3,12961.1480875
S_45955,motorcycle,route_5,12961.22111
S_46001,motorcycle,route_5,12961.589166
S_46008,motorcycle,route_5,12965.2247164
S_46058,motorcycle,route_4,12967.7797737
S_46072,motorcycle,route_4,12968.004883399999
S_46169,motorcycle,route_3,12976.1373704
S_46168,motorcycle,route_4,12976.4999799
S_46173,motorcycle,route_3,12976.5000006
S_46176,motorcycle,route_4,12976.6446149
S_46191,car,route_5,12986.2511117
S_46243,motorcycle,route_3,12989.979124899999
S_46298,motorcycle,route_3,12996.9075408
S_46299,motorcycle,route_3,12997.273365
S_46324,motorcycle,route_3,13004.9251294
S_46334,motorcycle,route_3,13008.4975552
S_46387,motorcycle,route_3,13015.1265977
S_46406,motorcycle,route_3,13017.6024462
S_46408,motorcycle,route_3,13018.0403921
S_46410,motorcycle,route_4,13018.2612363
S_46476,motorcycle,route_4,13034.0030368
S_46479,motorcycle,route_4,13034.3709514
S_46481,motorcycle,route_4,13034.5171839
S_46506,motorcycle,route_4,13039.5446636
S_46524,motorcycle,route_4,13041.9251405
S_46527,motorcycle,route_4,13042.3704046
S_46557,motorcycle,route_3,13048.7712164
S_46568,motorcycle,route_5,13050.9333891
S_46571,motorcycle,route_5,13051.2309129
S_46575,motorcycle,route_5,13051.4556153
S_46652,motorcycle,route_4,13059.958425
S_46655,motorcycle,route_4,13060.2540603
S_46659,motorcycle,route_4,13060.701825099999
S_46688,motorcycle,route_4,13063.7610258
S_46738,motorcycle,route_3,13067.4155461
S_46755,motorcycle,route_3,13069.071146
S_46742,motorcycle,route_3,13069.8229011
S_46776,motorcycle,route_3,13070.873679
S_46785,motorcycle,route_3,13072.7453585
S_46744,motorcycle,route_3,13074.3880252
S_46818,motorcycle,route_3,13074.8344519
S_46820,motorcycle,route_3,13075.2802282
S_46835,motorcycle,route_3,13077.0139421
S_46859,motorcycle,route_4,13078.8556567
S_46908,motorcycle,route_5,13083.7713614
S_46910,motorcycle,route_5,13084.0254257
S_47030,motorcycle,route_4,13099.6273103
S_47078,car,route_4,13116.475134799999
S_47509,motorcycle,route_4,13142.1132812
S_47492,motorcycle,route_5,13142.1845537
S_47250,car,route_3,13142.6963471
S_47569,motorcycle,route_3,13149.1829181
S_47554,car,route_3,13152.6023727
S_47633,motorcycle,route_5,13160.2342352
S_47636,car,route_3,13164.3671741
S_47664,motorcycle,route_3,13165.7488637
S_47737,motorcycle,route_5,13213.398855
S_47742,motorcycle,route_3,13218.7322675
S_47774,motorcycle,route_5,13224.7524243
S_47801,motorcycle,route_5,13233.2927634
S_47806,motorcycle,route_3,13234.4229924
S_47819,motorcycle,route_3,13235.5408437
S_47836,motorcycle,route_3,13240.0703497
S_47855,motorcycle,route_3,13240.4466623
S_47862,motorcycle,route_3,13240.8935095
S_47875,motorcycle,route_3,13242.4531104
S_47918,motorcycle,route_3,13250.0386021
S_47967,motorcycle,route_3,13254.0012043
S_47974,motorcycle,route_3,13254.4405537
S_47934,car,route_3,13254.514036
S_47963,motorcycle,route_5,13258.4263917
S_47998,motorcycle,route_5,13258.7913608
S_47997,motorcycle,route_3,13259.1606853
S_48033,motorcycle,route_3,13263.855811899999
S_48050,motorcycle,route_3,13269.9588532
S_48085,motorcycle,route_3,13272.0250957
S_48044,car,route_5,13273.1308074
S_48124,motorcycle,route_5,13279.8433319
S_48140,motorcycle,route_3,13279.9912496
S_48194,motorcycle,route_4,13282.729053
S_48231,motorcycle,route_3,13286.1343664
S_48235,motorcycle,route_3,13286.3567046
S_48236,motorcycle,route_3,13286.7232901
S_48238,motorcycle,route_3,13287.0953616
S_48232,motorcycle,route_5,13287.1701137
S_48287,motorcycle,route_4,13300.6781836
S_48382,motorcycle,route_3,13320.4543561
S_48405,motorcycle,route_3,13321.1253837
S_48407,motorcycle,route_3,13322.4660592
S_48430,motorcycle,route_3,13323.0610399
S_48355,car,route_4,13323.2098035
S_48438,motorcycle,route_3,13323.5141109
S_48467,motorcycle,route_3,13326.1210699
S_48482,motorcycle,route_4,13327.0832488
S_48488,motorcycle,route_5,13332.9773018
S_48584,motorcycle,route_3,13344.6961808
S_48643,motorcycle,route_5,13356.5254806
S_48664,motorcycle,route_3,13362.5010211
S_48793,motorcycle,route_5,13379.587461699999
S_48930,motorcycle,route_4,13399.2682154
S_48959,motorcycle,route_4,13402.77613
S_48968,motorcycle,route_4,13404.0425682
S_48965,motorcycle,route_5,13405.0845016
S_49139,motorcycle,route_4,13421.2475981
S_48949,car,route_3,13422.4493173
S_49291,motorcycle,route_4,13425.8096231
S_49307,motorcycle,route_4,13426.4824111
S_49334,motorcycle,route_3,13428.861769699999
S_49367,motorcycle,route_3,13431.023834
S_49374,motorcycle,route_3,13431.9186128
S_49411,motorcycle,route_3,13442.6426897
S_49415,motorcycle,route_5,13442.7161558
S_49409,motorcycle,route_3,13443.0149805
S_49426,car,route_3,13443.6099634
S_49445,motorcycle,route_5,13448.8314317
S_49456,motorcycle,route_3,13450.1754251
S_49449,car,route_5,13451.291019799999
S_49485,motorcycle,route_3,13451.3646888
S_49494,car,route_5,13452.1850995
S_49495,car,route_3,13453.454263399999
S_49531,motorcycle,route_3,13455.3188972
S_49536,motorcycle,route_3,13455.468306
S_49538,car,route_3,13455.6941961
S_49544,motorcycle,route_5,13456.8853746
S_49549,motorcycle,route_5,13457.0332552
S_49557,car,route_5,13457.476668199999
S_49569,motorcycle,route_3,13458.9691792
S_49571,motorcycle,route_3,13459.044851
S_49566,car,route_3,13460.6773451
S_49589,motorcycle,route_3,13461.1217107
S_49604,car,route_3,13462.3901435
S_49630,motorcycle,route_3,13464.847901699999
S_49662,motorcycle,route_5,13485.0864336
S_49663,motorcycle,route_5,13485.3037563
S_49676,motorcycle,route_4,13487.9378546
S_49681,car,route_3,13491.6762549
S_49722,motorcycle,route_3,13495.9916068
S_49739,motorcycle,route_3,13503.5913183
S_49752,motorcycle,route_5,13507.6157467
S_49754,motorcycle,route_5,13508.1493088
S_49782,motorcycle,route_5,13513.3688067
S_49802,motorcycle,route_5,13516.735492
S_49808,motorcycle,route_3,13517.2584548
S_49885,motorcycle,route_5,13554.3839549
S_49902,motorcycle,route_5,13558.9889209
S_49915,motorcycle,route_5,13559.4975823
S_49924,motorcycle,route_4,13561.4793069
S_49964,motorcycle,route_5,13565.3524001
S_49989,motorcycle,route_3,13573.3928845
S_50050,motorcycle,route_4,13599.0687309
S_50052,motorcycle,route_4,13599.3918545
S_50082,motorcycle,route_5,13611.7088534
S_50044,car,route_3,13614.1266862
S_50125,motorcycle,route_5,13616.6787993
S_50185,motorcycle,route_3,13623.1820568
S_50191,motorcycle,route_3,13623.5779518
S_50241,motorcycle,route_3,13630.3084646
S_50275,motorcycle,route_3,13631.1968868
S_50288,motorcycle,route_4,13632.7376043
S_50299,motorcycle,route_5,13633.7738572
S_50304,motorcycle,route_3,13634.3312819
S_50268,motorcycle,route_5,13634.4916703
S_50311,car,route_5,13634.7354149
S_50322,motorcycle,route_3,13636.515760799999
S_50390,car,route_3,13640.455139
S_50395,car,route_3,13640.9361408
S_50402,car,route_5,13641.3380835
S_50408,car,route_5,13641.8123244
S_50434,motorcycle,route_4,13643.9705355
S_50262,car,route_3,13644.2076515
S_50442,motorcycle,route_4,13644.2077054
S_50471,car,route_3,13646.6040121
S_50501,motorcycle,route_3,13649.4866739
S_50517,motorcycle,route_3,13650.20861
S_50522,motorcycle,route_3,13650.8519342
S_50566,motorcycle,route_5,13659.2546259
S_50327,car,route_3,13659.897369799999
S_50557,car,route_5,13665.8272543
S_50631,car,route_5,13666.7027156
S_50642,car,route_3,13667.5020109
S_50661,car,route_3,13669.4145506
S_50662,car,route_5,13671.0393679
S_50731,car,route_5,13683.3336974
S_50739,motorcycle,route_3,13683.6285768
S_50809,car,route_5,13697.8154769
S_50816,car,route_5,13699.0735886
S_50818,car,route_5,13699.4443397
S_50819,car,route_5,13699.5944117
S_50824,car,route_5,13701.0069594
S_50915,car,route_3,13715.3621792
S_50943,car,route_5,13718.4921408
S_50958,car,route_5,13719.7389557
S_50971,car,route_5,13720.5464451
S_50980,car,route_5,13721.277844
S_50972,car,route_5,13722.3823173
S_51040,car,route_5,13723.1214605
S_51032,car,route_5,13723.494279
S_51078,car,route_5,13725.1910873
S_51086,motorcycle,route_3,13725.3414773
S_51101,motorcycle,route_3,13726.0774869
S_51161,motorcycle,route_4,13728.0151975
S_50861,car,route_3,13729.2076858
S_51195,car,route_3,13729.6487734
S_51236,motorcycle,route_4,13731.0652094
S_51240,motorcycle,route_4,13731.2135442
S_51291,motorcycle,route_3,13733.219814
S_51224,motorcycle,route_5,13733.5902872
S_51334,motorcycle,route_3,13734.9903619
S_51405,motorcycle,route_3,13737.8819296
S_51352,motorcycle,route_5,13739.6552764
S_51423,motorcycle,route_5,13739.7326194
S_51446,motorcycle,route_3,13742.8158914
S_51466,motorcycle,route_4,13754.1860362
S_51480,motorcycle,route_5,13759.7543007
S_51478,motorcycle,route_3,13762.2819444
S_51516,car,route_3,13770.6600622
S_51535,motorcycle,route_4,13771.9610915
S_51543,motorcycle,route_3,13772.3372978
S_51560,motorcycle,route_3,13773.5328047
S_51563,motorcycle,route_3,13773.6063339
S_51587,motorcycle,route_3,13778.5455609
S_51594,motorcycle,route_3,13779.8881753
S_51595,motorcycle,route_4,13780.4855174
S_51616,motorcycle,route_4,13783.1885756
S_51625,motorcycle,route_5,13786.8489745
S_51640,motorcycle,route_3,13787.1460758
S_51673,motorcycle,route_3,13799.1404636
S_51688,motorcycle,route_5,13805.3242218
S_51709,motorcycle,route_3,13807.7343964
S_51723,motorcycle,route_3,13808.2666303
S_51746,motorcycle,route_5,13810.3125011
S_51795,motorcycle,route_4,13814.3247949
S_51792,motorcycle,route_3,13814.4767552
S_51831,motorcycle,route_4,13816.5266924
S_51834,motorcycle,route_4,13816.7510198
S_51877,motorcycle,route_3,13821.8287932
S_51879,motorcycle,route_3,13821.9814933
S_51886,motorcycle,route_3,13823.0427447
S_51901,motorcycle,route_3,13823.1928237
S_51904,motorcycle,route_3,13823.4193361
S_51928,motorcycle,route_3,13826.2142028
S_51939,motorcycle,route_5,13828.7172941
S_51956,motorcycle,route_5,13829.3977757
S_52015,motorcycle,route_5,13837.0153487
S_52084,motorcycle,route_3,13841.961292599999
S_52090,motorcycle,route_3,13842.266208
S_52083,motorcycle,route_3,13843.4896541
S_52212,motorcycle,route_3,13852.6804722
S_52233,motorcycle,route_3,13853.0634268
S_52188,motorcycle,route_5,13854.2094129
S_52262,motorcycle,route_3,13855.7410686
S_52278,motorcycle,route_3,13856.6536977
S_52285,motorcycle,route_5,13858.2590211
S_52308,motorcycle,route_5,13858.9510785
S_52282,motorcycle,route_3,13859.9487716
S_52239,car,route_5,13864.7790167
S_52383,motorcycle,route_3,13865.7784731
S_52387,motorcycle,route_3,13866.1641197
S_52414,car,route_3,13868.3132894
S_52429,car,route_3,13868.7727521
S_52436,car,route_5,13869.3111618
S_52474,motorcycle,route_3,13874.6788999
S_52485,motorcycle,route_5,13875.2943331
S_52576,motorcycle,route_5,13900.4230649
S_52614,motorcycle,route_3,13910.3895056
S_52616,motorcycle,route_3,13911.3833377
S_52617,motorcycle,route_3,13911.4609468
S_52621,motorcycle,route_4,13914.6137778
S_52622,motorcycle,route_4,13914.7658145
S_52735,motorcycle,route_3,13936.5223572
S_52739,motorcycle,route_3,13937.1635438
S_52743,motorcycle,route_3,13937.803945
S_52749,motorcycle,route_3,13939.0087524
S_52755,motorcycle,route_3,13939.1691428
S_52756,motorcycle,route_3,13939.3308275
S_52758,motorcycle,route_3,13939.497325799999
S_52759,motorcycle,route_3,13940.0598553
S_52763,car,route_5,13940.2192624
S_52787,car,route_5,13944.2221242
S_52789,car,route_5,13944.3030526
S_52939,car,route_3,13986.8753321
S_53029,car,route_4,14008.059005
S_53138,motorcycle,route_4,14016.4434615
S_53165,car,route_4,14020.439753999999
S_53178,car,route_4,14020.8350314
S_52999,car,route_5,14048.78425
S_53558,car,route_5,14055.2146852
S_53734,motorcycle,route_4,14055.7989468
S_53741,motorcycle,route_4,14056.0171912
S_53788,car,route_5,14057.1953448
S_53802,car,route_5,14057.6310493
S_53361,car,route_3,14057.9233897
S_53912,car,route_3,14060.8518986
S_53993,motorcycle,route_5,14065.9555666
S_54005,car,route_3,14070.8962704
S_54009,motorcycle,route_5,14071.2610477
S_54019,motorcycle,route_3,14071.8421022
S_54040,motorcycle,route_5,14074.6052882
S_54061,motorcycle,route_3,14078.4545373
S_54057,motorcycle,route_5,14079.2516088
S_54131,motorcycle,route_3,14110.5648868
S_54169,motorcycle,route_3,14117.08563
S_54193,motorcycle,route_4,14122.8225319
S_54212,motorcycle,route_3,14144.1610821
S_54246,motorcycle,route_3,14150.9195198
S_54282,motorcycle,route_3,14162.674034
S_54294,motorcycle,route_3,14164.788332099999
S_54318,motorcycle,route_5,14170.0399884
S_54328,motorcycle,route_5,14170.4053879
S_54267,truck,route_4,14171.6354705
S_54435,motorcycle,route_5,14189.1897255
S_54463,motorcycle,route_5,14189.5524498
S_54431,motorcycle,route_5,14190.2132265
S_54453,motorcycle,route_3,14190.9403388
S_54472,car,route_3,14192.4031041
S_54497,car,route_3,14193.8628477
S_54521,motorcycle,route_4,14196.0736769
S_54576,motorcycle,route_3,14201.7689095
S_54574,motorcycle,route_3,14202.3504671
S_54595,motorcycle,route_3,14202.5699361
S_54598,motorcycle,route_3,14202.7204652
S_54613,motorcycle,route_3,14205.4299661
S_54615,motorcycle,route_3,14205.7220249
S_54628,motorcycle,route_3,14208.1556008
S_54640,motorcycle,route_3,14208.6727176
S_54644,motorcycle,route_3,14209.1205137
S_54621,motorcycle,route_3,14211.8535531
S_54698,motorcycle,route_3,14213.6234453
S_54703,motorcycle,route_3,14214.0622413
S_54705,motorcycle,route_3,14214.2819832
S_54633,car,route_5,14215.8229849
S_54745,car,route_5,14218.1038304
S_54742,motorcycle,route_3,14218.1038584
S_54788,motorcycle,route_3,14220.601526299999
S_54798,motorcycle,route_3,14221.1153737
S_54819,motorcycle,route_5,14223.481989
S_54832,motorcycle,route_3,14223.556171
S_54826,car,route_3,14230.3850105
S_54923,car,route_3,14233.2787366
S_54928,car,route_3,14233.5723574
S_54983,motorcycle,route_3,14239.0293777
S_54985,motorcycle,route_3,14239.174621
S_54777,car,route_3,14243.0796348
S_55018,motorcycle,route_3,14244.1882985
S_55045,motorcycle,route_4,14247.8747441
S_55053,car,route_3,14251.1957802
S_55020,car,route_5,14254.0049249
S_55103,motorcycle,route_3,14255.039490699999
S_55138,car,route_5,14257.467891
S_55148,car,route_5,14258.5851042
S_55154,car,route_5,14259.1760448
S_55161,car,route_5,14259.7653422
S_55178,car,route_3,14262.6603775
S_55285,motorcycle,route_5,14272.9498666
S_55685,motorcycle,route_3,14324.6938285
S_55808,motorcycle,route_4,14341.1207537
S_55824,motorcycle,route_4,14344.047589
S_55834,car,route_5,14345.0689302
S_55850,car,route_5,14346.1716742
S_55853,car,route_5,14346.390331999999
S_55857,car,route_5,14346.7607262
S_55875,motorcycle,route_3,14348.0692906
S_55886,motorcycle,route_3,14349.0943306
S_55887,car,route_3,14349.3177543
S_55913,car,route_5,14351.6577139
S_56302,car,route_3,14378.1188989
S_56285,car,route_5,14380.983417899999
S_56494,car,route_5,14384.5147616
S_56505,motorcycle,route_4,14384.7344168
S_56519,motorcycle,route_4,14384.9545786
S_56537,car,route_5,14385.4706668
S_56540,car,route_5,14385.690144
S_56543,car,route_3,14385.6901759
S_56549,car,route_5,14385.9089637
S_55343,car,route_5,14386.7895057
S_56586,motorcycle,route_3,14387.0095295
S_56605,motorcycle,route_4,14387.4515109
S_56033,car,route_3,14389.0730127
S_56687,car,route_5,14389.7369155
S_56710,motorcycle,route_4,14390.4673583
S_56712,car,route_5,14390.46739
S_56716,car,route_3,14390.612403699999
S_56728,car,route_3,14391.053537
S_56563,car,route_5,14392.378757
S_56765,car,route_3,14392.3787814
S_56769,car,route_3,14392.6742167
S_56790,car,route_3,14393.0377317
S_56801,car,route_3,14393.3301733
S_56631,car,route_3,14394.4290167
S_56847,car,route_5,14395.6767172
S_56724,car,route_5,14397.2853801
S_56902,car,route_5,14397.5082749
S_56919,motorcycle,route_3,14398.3123048
S_56929,car,route_5,14398.822236599999
S_56928,motorcycle,route_3,14398.8955533
S_56938,car,route_5,14399.1181866
S_56894,motorcycle,route_3,14401.236479
S_56997,motorcycle,route_3,14401.745938
S_56988,motorcycle,route_5,14403.13252
S_57023,motorcycle,route_3,14404.521086
S_57042,motorcycle,route_5,14404.956543
S_57007,truck,route_3,14405.5464539
S_56982,car,route_5,14407.297599
S_57089,car,route_5,14408.1783139
S_57100,motorcycle,route_3,14408.8310316
S_57101,motorcycle,route_3,14408.9040801
S_57105,motorcycle,route_4,14409.3402449
S_57135,motorcycle,route_5,14415.5786169
S_57152,motorcycle,route_3,14418.4091233
S_57173,motorcycle,route_4,14422.0305708
